iatrogenic	1.0	0.0
systematic	1.0	0.0
limited	1.0	0.0
magnetic	1.0	0.0
hinshawii	1.0	0.0
dynamic	1.0	0.0
plasmids	1.0	0.0
four	1.0	0.0
circuitry	1.0	0.0
controversial	1.0	0.0
consists	1.0	0.0
tonsillar	1.0	0.0
biopotential	1.0	0.0
localized	1.0	0.0
poorly	0.98634	0.01366
coarctation	6e-05	0.99994
physiological	0.99998	2e-05
intron	1.0	0.0
disability	0.79085	0.20915
rostral	1.0	0.0
vinylguaiacol	1.0	0.0
endings	1.0	0.0
presents	1.0	0.0
numbness	0.0	1.0
mental	0.84184	0.15816
under	0.99994	6e-05
alternating	1.0	0.0
vaso	1.0	0.0
hypertensive	0.95902	0.04098
cardiomegaly	6e-05	0.99994
activation	1.0	0.0
upstream	1.0	0.0
experimentally	1.0	0.0
bringing	1.0	0.0
anemia	0.78934	0.21066
differentiated	1.0	0.0
pooled	1.0	0.0
progression	1.0	0.0
supports	1.0	0.0
vector	1.0	0.0
cholesterol	1.0	0.0
enhance	1.0	0.0
shows	1.0	0.0
luciferase	1.0	0.0
infancy	1.0	0.0
japanese	1.0	0.0
second	1.0	0.0
estimated	1.0	0.0
blue	1.0	0.0
established	1.0	0.0
filtration	0.99994	6e-05
trapping	1.0	0.0
organisms	1.0	0.0
excised	1.0	0.0
selected	1.0	0.0
consequent	1.0	0.0
unreality	0.95902	0.04098
qigong	1.0	0.0
new	1.0	0.0
increasing	1.0	0.0
arthroscopy	1.0	0.0
mechanisms	1.0	0.0
never	1.0	0.0
kindred	1.0	0.0
here	1.0	0.0
reported	1.0	0.0
china	1.0	0.0
endoscopic	1.0	0.0
represented	1.0	0.0
100	1.0	0.0
101	1.0	0.0
107	1.0	0.0
obtained	1.0	0.0
apical	1.0	0.0
kids	1.0	0.0
allele	1.0	0.0
forum	1.0	0.0
glycolipids	1.0	0.0
items	1.0	0.0
study	1.0	0.0
changed	1.0	0.0
completely	1.0	0.0
reports	1.0	0.0
controversy	1.0	0.0
etiology	1.0	0.0
transfected	1.0	0.0
changes	0.999818333333	0.000181666666667
interferon	1.0	0.0
campaign	1.0	0.0
treatment	0.99998	2e-05
highly	1.0	0.0
psychological	0.999656666667	0.000343333333333
atrium	0.99994	6e-05
total	1.0	0.0
kobayashi	1.0	0.0
derivatives	1.0	0.0
would	1.0	0.0
osteoma	0.99903	0.00097
hospital	1.0	0.0
microdilution	1.0	0.0
negative	1.0	0.0
subgrouped	1.0	0.0
leaks	1.0	0.0
therefore	1.0	0.0
m2	1.0	0.0
type	0.999985	1.5e-05
until	1.0	0.0
butanone	1.0	0.0
aware	1.0	0.0
99	1.0	0.0
reversible	0.99556	0.00444
adult	1.0	0.0
91	1.0	0.0
microbiologically	1.0	0.0
blocking	1.0	0.0
68ga	0.95902	0.04098
1990	1.0	0.0
word	1.0	0.0
mm	1.0	0.0
ml	1.0	0.0
work	1.0	0.0
mammalian	1.0	0.0
itself	1.0	0.0
ms	1.0	0.0
root	1.0	0.0
unilateral	0.99903	0.00097
indicated	1.0	0.0
hemoglobin	1.0	0.0
hippurate	0.99994	6e-05
confocal	1.0	0.0
risk	1.0	0.0
end	1.0	0.0
provide	1.0	0.0
niemann	1.0	0.0
damage	0.99771	0.00229
far	1.0	0.0
clubbing	0.26449	0.73551
significance	1.0	0.0
pentanol	1.0	0.0
iiib	0.84184	0.15816
eyeballs	1.0	0.0
description	1.0	0.0
less	1.0	0.0
after	0.999996	4e-06
containing	0.999985	1.5e-05
midbrain	1.0	0.0
parallel	1.0	0.0
types	1.0	0.0
childhood	1.0	0.0
perform	1.0	0.0
checkerboard	1.0	0.0
upside	0.95902	0.04098
correlation	1.0	0.0
order	1.0	0.0
restriction	6e-05	0.99994
amplifying	1.0	0.0
zen	1.0	0.0
affect	1.0	0.0
responsive	1.0	0.0
before	1.0	0.0
cll	1.0	0.0
lps	1.0	0.0
auditory	0.999676666667	0.000323333333333
clearances	0.99994	6e-05
better	1.0	0.0
402	1.0	0.0
distal	0.99998	2e-05
easier	1.0	0.0
phenotype	1.0	0.0
maximal	1.0	0.0
then	1.0	0.0
diseases	1.0	0.0
combination	1.0	0.0
fixation	1.0	0.0
safe	1.0	0.0
neurological	6e-05	0.99994
band	0.7511	0.2489
hypoxia	6e-05	0.99994
therapy	1.0	0.0
effects	0.999794	0.000206
they	1.0	0.0
mimicking	1.0	0.0
structural	1.0	0.0
probiotic	1.0	0.0
sids	1.0	0.0
arrested	1.0	0.0
l	1.0	0.0
stimulus	0.9890275	0.0109725
each	1.0	0.0
interfering	1.0	0.0
side	0.911513333333	0.0884866666667
bone	0.999676666667	0.000323333333333
mean	0.99998	2e-05
series	1.0	0.0
displacement	0.99994	6e-05
attenuation	0.95902	0.04098
webbed	1.0	0.0
extract	1.0	0.0
peaks	1.0	0.0
rv	0.873216	0.126784
gradient	0.99994	6e-05
thrombin	0.99994	6e-05
tonsil	0.632245	0.367755
crucial	1.0	0.0
content	1.0	0.0
medicine	1.0	0.0
arizona	1.0	0.0
ascending	0.12582	0.87418
frontoparietal	0.86537	0.13463
mistaking	1.0	0.0
popliteal	1.0	0.0
mononuclear	1.0	0.0
rubra	1.0	0.0
equina	1.0	0.0
exposing	1.0	0.0
created	1.0	0.0
denture	0.99506	0.00494
days	1.0	0.0
creates	1.0	0.0
levels	0.99997	3e-05
features	1.0	0.0
grade	1.0	0.0
vitro	1.0	0.0
hearing	1.0	0.0
electronic	1.0	0.0
170	1.0	0.0
seizures	0.859236666667	0.140763333333
olds	1.0	0.0
rated	1.0	0.0
neuromuscular	1.0	0.0
xii	1.0	0.0
hemodynamics	1.0	0.0
approximately	1.0	0.0
confirming	1.0	0.0
rates	0.99994	6e-05
observations	1.0	0.0
suppressive	1.0	0.0
myelomonocytic	1.0	0.0
remote	1.0	0.0
dilated	0.5598325	0.4401675
intestine	0.99994	6e-05
serve	1.0	0.0
ankle	0.9511	0.0489
western	1.0	0.0
target	1.0	0.0
showed	1.0	0.0
likely	1.0	0.0
binds	1.0	0.0
prone	1.0	0.0
acquisition	1.0	0.0
plasmin	0.99994	6e-05
membranes	1.0	0.0
dyns	1.0	0.0
relatively	1.0	0.0
psma	0.99994	6e-05
isolated	0.999353333333	0.000646666666667
indexes	1.0	0.0
chest	6e-05	0.99994
subjects	1.0	0.0
shelf	1.0	0.0
isolates	1.0	0.0
mutants	1.0	0.0
tibia	1.0	0.0
memory	0.99994	6e-05
checkerboards	1.0	0.0
it	1.0	0.0
anatomy	1.0	0.0
involving	1.0	0.0
carcinoma	0.99797625	0.00202375
immunological	1.0	0.0
observation	1.0	0.0
flow	0.999955	4.5e-05
pathohistologic	1.0	0.0
points	1.0	0.0
sphingomyelinase	0.99994	6e-05
advisory	1.0	0.0
basolateral	1.0	0.0
manipulation	1.0	0.0
ipsilateral	1.0	0.0
papillary	0.73551	0.26449
availability	1.0	0.0
representing	1.0	0.0
minnesota	1.0	0.0
hemiatrophy	0.84513	0.15487
judged	0.99994	6e-05
rice	1.0	0.0
wearing	0.99997	3e-05
desorption	1.0	0.0
dl	1.0	0.0
wide	1.0	0.0
haemophilus	1.0	0.0
degradation	1.0	0.0
aetiology	1.0	0.0
yfp	1.0	0.0
reversal	0.99994	6e-05
despite	1.0	0.0
report	1.0	0.0
aroma	1.0	0.0
emg	0.99994	6e-05
abdominal	0.99903	0.00097
microscopy	1.0	0.0
public	1.0	0.0
release	0.2934	0.7066
implication	1.0	0.0
electrodes	1.0	0.0
clarified	1.0	0.0
peripheral	1.0	0.0
testing	1.0	0.0
unexpectedly	1.0	0.0
cytoplasmic	1.0	0.0
result	1.0	0.0
techniques	1.0	0.0
capacity	1.0	0.0
04	1.0	0.0
05	1.0	0.0
targets	1.0	0.0
protected	1.0	0.0
finger	0.99994	6e-05
365	1.0	0.0
ocular	0.239755	0.760245
assays	1.0	0.0
nature	1.0	0.0
inaba	1.0	0.0
however	1.0	0.0
carbon	1.0	0.0
linkage	1.0	0.0
atrial	0.78934	0.21066
uncrossed	1.0	0.0
myoclonic	0.13463	0.86537
store	1.0	0.0
disinserting	1.0	0.0
amoxicillin	1.0	0.0
uncertainty	1.0	0.0
heating	1.0	0.0
against	1.0	0.0
ventricular	0.85954	0.14046
pre	0.5	0.5
somatosensory	1.0	0.0
appeared	1.0	0.0
seizure	0.15816	0.84184
advancement	1.0	0.0
active	1.0	0.0
hygiene	0.9663425	0.0336575
cannulation	1.0	0.0
250	1.0	0.0
evidences	1.0	0.0
presumable	1.0	0.0
recognises	1.0	0.0
three	1.0	0.0
been	1.0	0.0
empyema	6e-05	0.99994
expected	1.0	0.0
entered	1.0	0.0
lactis	1.0	0.0
issignificantly	1.0	0.0
dry	1.0	0.0
life	1.0	0.0
efficacy	1.0	0.0
bladder	0.940402	0.059598
uncommon	1.0	0.0
strictures	0.99548	0.00452
erythema	0.15816	0.84184
child	0.99548	0.00452
guttentag	1.0	0.0
calcified	0.86537	0.13463
inhibit	1.0	0.0
say	1.0	0.0
n	1.0	0.0
aim	1.0	0.0
abrupt	0.99994	6e-05
precede	1.0	0.0
procedure	1.0	0.0
seven	1.0	0.0
equator	1.0	0.0
reproducibility	1.0	0.0
broth	1.0	0.0
ureter	0.995896666667	0.00410333333333
perinatal	0.9997575	0.0002425
ii	1.0	0.0
elicit	1.0	0.0
tissue	0.6195	0.3805
hygienist	1.0	0.0
in	0.995800546448	0.00419945355191
comparative	1.0	0.0
if	1.0	0.0
confirmed	1.0	0.0
severity	1.0	0.0
romberg	1.0	0.0
patent	0.541255	0.458745
suggest	1.0	0.0
recurrent	0.73551	0.26449
linked	1.0	0.0
complex	1.0	0.0
potentially	1.0	0.0
split	0.99998	2e-05
big	1.0	0.0
several	1.0	0.0
independent	1.0	0.0
myocardial	0.894185	0.105815
syncopal	0.0	1.0
osteotomy	1.0	0.0
hand	1.0	0.0
potentials	1.0	0.0
myelomatosis	1.0	0.0
cycle	1.0	0.0
allografts	1.0	0.0
constriction	0.95902	0.04098
episodic	0.00452	0.99548
stimuli	1.0	0.0
failing	0.99548	0.00452
disseminated	0.98769	0.01231
radioimmunoassay	1.0	0.0
squamous	1.0	0.0
contact	1.0	0.0
mother	1.0	0.0
the	0.994265234375	0.005734765625
left	0.714614285714	0.285385714286
seasonal	1.0	0.0
birth	0.62409	0.37591
identify	1.0	0.0
human	1.0	0.0
yet	1.0	0.0
succeeding	1.0	0.0
previous	1.0	0.0
thyroid	0.5	0.5
visualization	1.0	0.0
arai	1.0	0.0
nonprimate	1.0	0.0
candidate	1.0	0.0
similarities	1.0	0.0
had	1.0	0.0
pathognomonic	1.0	0.0
percutaneous	1.0	0.0
neoplasm	0.78934	0.21066
easy	1.0	0.0
hemisensory	6e-05	0.99994
has	1.0	0.0
plasma	0.99998	2e-05
gave	1.0	0.0
elevation	1.0	0.0
africa	1.0	0.0
rna	1.0	0.0
possible	1.0	0.0
audiology	1.0	0.0
background	1.0	0.0
clustered	1.0	0.0
cape	1.0	0.0
potassium	1.0	0.0
unique	1.0	0.0
advanced	1.0	0.0
occurring	1.0	0.0
precise	1.0	0.0
54	1.0	0.0
occlusion	0.710036666667	0.289963333333
50	1.0	0.0
specific	0.992367272727	0.00763272727273
vibrometry	1.0	0.0
signal	1.0	0.0
beneficial	1.0	0.0
right	0.778149166667	0.221850833333
old	1.0	0.0
insulinoma	0.13463	0.86537
multiple	1.0	0.0
psychogenic	0.99903	0.00097
separately	1.0	0.0
for	1.0	0.0
contributing	1.0	0.0
unit	1.0	0.0
lymphadenectomy	1.0	0.0
cortical	1.0	0.0
participation	0.99997	3e-05
cord	1.0	0.0
insipidus	1.0	0.0
jejuni	1.0	0.0
dental	1.0	0.0
metastatic	0.991773333333	0.00822666666667
coexisted	1.0	0.0
midbody	1.0	0.0
lentiviral	1.0	0.0
attacks	0.0	1.0
months	1.0	0.0
anomalous	1.0	0.0
o	1.0	0.0
influenzae	0.99997	3e-05
eight	1.0	0.0
nerve	0.807675555556	0.192324444444
raised	0.99994	6e-05
leukemias	1.0	0.0
tetanus	0.99994	6e-05
presence	1.0	0.0
formulae	1.0	0.0
intellectual	1.0	0.0
down	0.95902	0.04098
loin	0.00452	0.99548
reducing	1.0	0.0
malignancies	0.9936025	0.0063975
often	1.0	0.0
existed	1.0	0.0
vaccination	1.0	0.0
]	0.99903	0.00097
support	1.0	0.0
initial	1.0	0.0
clinical	1.0	0.0
fraction	1.0	0.0
resulted	1.0	0.0
was	0.9999925	7.5e-06
metabolism	0.99994	6e-05
questionable	1.0	0.0
head	0.807605	0.192395
form	1.0	0.0
decadienal	1.0	0.0
differences	1.0	0.0
analyse	1.0	0.0
failure	0.59290625	0.40709375
heat	1.0	0.0
incorporation	1.0	0.0
sustained	1.0	0.0
225	1.0	0.0
222	1.0	0.0
renal	0.96591	0.03409
hypoplastic	6e-05	0.99994
responding	1.0	0.0
devices	1.0	0.0
complications	1.0	0.0
150	1.0	0.0
homonymous	0.0	1.0
classic	1.0	0.0
aorto	1.0	0.0
proven	1.0	0.0
evidence	1.0	0.0
acetoin	1.0	0.0
gland	0.5	0.5
floating	0.95902	0.04098
distributions	1.0	0.0
constructed	1.0	0.0
shigella	1.0	0.0
epidemiological	1.0	0.0
no	0.999988	1.2e-05
innervated	1.0	0.0
whereas	1.0	0.0
fitzgerald	0.98769	0.01231
handed	0.99994	6e-05
setting	1.0	0.0
role	1.0	0.0
digital	1.0	0.0
test	1.0	0.0
vegetative	1.0	0.0
vegetativa	1.0	0.0
node	1.0	0.0
picture	1.0	0.0
concurrent	1.0	0.0
cyanosis	0.198023333333	0.801976666667
rising	0.95902	0.04098
scores	1.0	0.0
cleaves	1.0	0.0
died	1.0	0.0
longer	1.0	0.0
together	1.0	0.0
time	0.99998	2e-05
serious	1.0	0.0
urinary	0.991625	0.008375
concept	1.0	0.0
focus	1.0	0.0
mild	1.0	0.0
skin	0.729298333333	0.270701666667
abundant	1.0	0.0
spike	0.99994	6e-05
layers	1.0	0.0
depend	1.0	0.0
disorders	0.999806	0.000194
nineteen	1.0	0.0
technique	1.0	0.0
indolent	1.0	0.0
passage	1.0	0.0
0	1.0	0.0
paramedian	0.00452	0.99548
promoting	1.0	0.0
monocytes	1.0	0.0
postgraduation	1.0	0.0
acidophilus	1.0	0.0
protective	1.0	0.0
md	1.0	0.0
frequencies	1.0	0.0
respiratory	0.99994	6e-05
presented	1.0	0.0
did	1.0	0.0
dic	1.0	0.0
p	1.0	0.0
mucosal	1.0	0.0
eosinophilic	0.15816	0.84184
grafts	1.0	0.0
epidemiology	1.0	0.0
perceptual	0.99903	0.00097
accumulation	1.0	0.0
inconsistent	1.0	0.0
siga	0.99997	3e-05
upper	0.99994	6e-05
unexpected	1.0	0.0
occurrence	1.0	0.0
findings	1.0	0.0
cancellous	1.0	0.0
bacteria	1.0	0.0
spectral	0.99994	6e-05
streptococcus	1.0	0.0
sacral	1.0	0.0
representative	1.0	0.0
distension	1.0	0.0
current	1.0	0.0
international	1.0	0.0
falling	0.95902	0.04098
hairy	1.0	0.0
supporting	0.99994	6e-05
statistically	1.0	0.0
genes	1.0	0.0
water	1.0	0.0
catarrhalis	1.0	0.0
wais	1.0	0.0
along	0.99994	6e-05
polydipsia	0.78934	0.21066
change	1.0	0.0
healthy	1.0	0.0
shift	0.99996	4e-05
studied	1.0	0.0
commonly	1.0	0.0
hydrostatic	0.99994	6e-05
wupperthal	1.0	0.0
simultaneous	1.0	0.0
throughput	1.0	0.0
diagnosed	1.0	0.0
domains	1.0	0.0
resonance	1.0	0.0
studies	1.0	0.0
hydrodissection	1.0	0.0
subscales	1.0	0.0
tasks	1.0	0.0
problematic	1.0	0.0
parenchymal	0.0	1.0
tenseness	0.00888	0.99112
ureters	0.98769	0.01231
islet	1.0	0.0
transplant	1.0	0.0
sympathetic	0.99997	3e-05
positive	1.0	0.0
anatomical	0.99997	3e-05
scenarios	1.0	0.0
territories	1.0	0.0
chilliness	0.37591	0.62409
criteria	1.0	0.0
enriched	1.0	0.0
australian	1.0	0.0
ductus	0.541255	0.458745
visual	0.666626666667	0.333373333333
distractors	1.0	0.0
cases	1.0	0.0
indicates	1.0	0.0
cap	1.0	0.0
modified	1.0	0.0
inflamed	0.99548	0.00452
reviews	1.0	0.0
makino	1.0	0.0
can	1.0	0.0
following	0.999982857143	1.71428571429e-05
making	1.0	0.0
heart	0.850634285714	0.149365714286
neurosarcoidosis	0.99903	0.00097
multifactorial	1.0	0.0
schieber	1.0	0.0
spp	1.0	0.0
medullaris	1.0	0.0
stroke	0.99903	0.00097
performed	1.0	0.0
capsules	1.0	0.0
conversely	1.0	0.0
occur	1.0	0.0
dyspnoea	6e-05	0.99994
septic	1.0	0.0
secretory	0.99997	3e-05
warfarin	0.99994	6e-05
1	1.0	0.0
immune	0.99998	2e-05
cardinal	0.901553333333	0.0984466666667
pins	1.0	0.0
immuno	1.0	0.0
parameter	1.0	0.0
pathway	1.0	0.0
redundance	1.0	0.0
product	1.0	0.0
rigors	1.0	0.0
may	1.0	0.0
fueled	1.0	0.0
cardiac	0.8845175	0.1154825
such	1.0	0.0
misdiagnosed	1.0	0.0
revealed	1.0	0.0
folliculitis	0.578595	0.421405
man	1.0	0.0
natural	1.0	0.0
purification	1.0	0.0
fluent	0.00452	0.99548
branched	1.0	0.0
gamma	1.0	0.0
sm	1.0	0.0
dreamland	0.95902	0.04098
tbilisi	1.0	0.0
exclusive	1.0	0.0
shrna	1.0	0.0
considerations	1.0	0.0
mainly	1.0	0.0
years	1.0	0.0
stability	1.0	0.0
brain	0.99548	0.00452
pseudohallucination	0.95902	0.04098
still	1.0	0.0
blocked	1.0	0.0
group	1.0	0.0
thumb	0.99997	3e-05
how	1.0	0.0
duplex	0.993845	0.006155
reacting	1.0	0.0
lesions	0.047495	0.952505
osteoid	0.99903	0.00097
titers	1.0	0.0
sensitivity	1.0	0.0
schistosomes	0.99994	6e-05
main	1.0	0.0
uptake	0.99994	6e-05
into	1.0	0.0
non	0.851934285714	0.148065714286
neoplasms	0.99903	0.00097
thereby	1.0	0.0
exon	1.0	0.0
cuniform	1.0	0.0
infarcts	0.15816	0.84184
now	1.0	0.0
provision	1.0	0.0
discuss	1.0	0.0
pyrazine	1.0	0.0
possess	1.0	0.0
administer	1.0	0.0
term	1.0	0.0
arteriolar	0.943018	0.056982
coagulation	0.98769	0.01231
femoral	1.0	0.0
veins	0.99997	3e-05
instability	0.98769	0.01231
significantly	1.0	0.0
fistula	0.239693333333	0.760306666667
abnormal	0.26449	0.73551
temporo	1.0	0.0
year	1.0	0.0
phalanx	0.99997	3e-05
medications	1.0	0.0
stenotic	0.869048333333	0.130951666667
factory	1.0	0.0
perineum	1.0	0.0
increase	0.99994	6e-05
contained	1.0	0.0
investigation	1.0	0.0
trauma	0.758546666667	0.241453333333
suggesting	1.0	0.0
correct	1.0	0.0
esophageal	0.00452	0.99548
arthritis	1.0	0.0
pathogenic	1.0	0.0
million	1.0	0.0
electrophoretype	1.0	0.0
possibility	1.0	0.0
diagnostic	1.0	0.0
recordings	1.0	0.0
complicated	1.0	0.0
hpfh	1.0	0.0
training	1.0	0.0
language	1.0	0.0
transition	1.0	0.0
british	1.0	0.0
grifka	1.0	0.0
place	1.0	0.0
massive	1.0	0.0
swing	0.99994	6e-05
neglect	0.99548	0.00452
frequent	1.0	0.0
first	1.0	0.0
dimethyl	1.0	0.0
immunoelectron	1.0	0.0
one	1.0	0.0
psychophysiological	0.99994	6e-05
specifically	1.0	0.0
osteomas	0.99903	0.00097
open	1.0	0.0
calcific	0.09493	0.90507
malrotation	0.95902	0.04098
lens	1.0	0.0
anteriorly	0.99994	6e-05
stimulation	1.0	0.0
indicate	1.0	0.0
2	0.9999975	2.5e-06
adenocarcinoma	0.98769	0.01231
white	0.955123333333	0.0448766666667
structures	0.99994	6e-05
anderluh	1.0	0.0
eyes	1.0	0.0
pleurocutaneous	0.09493	0.90507
subsp	1.0	0.0
that	1.0	0.0
eliminates	1.0	0.0
gastroenteritis	0.99903	0.00097
tuberculomata	0.78934	0.21066
mtbi	1.0	0.0
than	0.99999	1e-05
coefficients	1.0	0.0
11	1.0	0.0
10	1.0	0.0
12	1.0	0.0
15	1.0	0.0
14	1.0	0.0
16	1.0	0.0
19	1.0	0.0
18	1.0	0.0
require	1.0	0.0
kishimoto	1.0	0.0
shunting	0.00888	0.99112
r	1.0	0.0
were	0.999998461538	1.53846153846e-06
and	0.999186181818	0.000813818181818
radioimmunoassays	1.0	0.0
ana	1.0	0.0
remained	1.0	0.0
cardiorespiratory	0.78934	0.21066
innominate	0.99994	6e-05
abnormalities	0.200978	0.799022
saw	1.0	0.0
any	1.0	0.0
conversion	1.0	0.0
efficient	1.0	0.0
papular	0.99903	0.00097
potential	0.9999775	2.25e-05
fracture	1.0	0.0
performance	1.0	0.0
aortotomy	1.0	0.0
28	1.0	0.0
201	1.0	0.0
pain	0.0448966666667	0.955103333333
normal	0.999994	6e-06
beta	1.0	0.0
furfuryl	1.0	0.0
tract	0.99997	3e-05
pair	1.0	0.0
knee	0.9969225	0.0030775
paget	1.0	0.0
inserted	1.0	0.0
probes	1.0	0.0
especially	1.0	0.0
shrnas	1.0	0.0
considered	1.0	0.0
later	1.0	0.0
infections	1.0	0.0
methanol	1.0	0.0
rotaviral	1.0	0.0
peptides	1.0	0.0
trafficking	1.0	0.0
dispersed	1.0	0.0
typically	1.0	0.0
ciliaris	1.0	0.0
obstructive	0.86727	0.13273
oncogenes	1.0	0.0
show	1.0	0.0
synchronous	0.7066	0.2934
fifty	1.0	0.0
fletcher	0.98769	0.01231
threshold	0.999976	2.4e-05
line	1.0	0.0
iq	0.99994	6e-05
transvesical	1.0	0.0
investigators	1.0	0.0
behind	1.0	0.0
only	1.0	0.0
black	1.0	0.0
over	1.0	0.0
absent	0.99998	2e-05
homogenate	1.0	0.0
affecting	1.0	0.0
clavulanate	1.0	0.0
primates	1.0	0.0
is	1.0	0.0
secondary	1.0	0.0
reveal	1.0	0.0
median	0.711523333333	0.288476666667
medial	1.0	0.0
across	1.0	0.0
hypothalamospinal	1.0	0.0
erythromycin	1.0	0.0
gianturco	1.0	0.0
relative	1.0	0.0
vivo	1.0	0.0
eliminating	1.0	0.0
surgery	1.0	0.0
enzymatically	1.0	0.0
inhibitory	1.0	0.0
compounds	1.0	0.0
review	1.0	0.0
circulating	1.0	0.0
vaccines	0.99997	3e-05
3	1.0	0.0
between	1.0	0.0
reproducible	1.0	0.0
dextroversion	0.96925	0.03075
ruptured	0.0	1.0
suppresses	1.0	0.0
originated	1.0	0.0
tur	1.0	0.0
ventroposterolateral	1.0	0.0
haematomesis	0.0	1.0
heterogeneous	1.0	0.0
coma	0.99994	6e-05
article	1.0	0.0
cervical	1.0	0.0
suppressed	1.0	0.0
soreness	0.37591	0.62409
isthmus	0.57908	0.42092
acquiring	1.0	0.0
warmness	0.99994	6e-05
region	1.0	0.0
enabling	1.0	0.0
propagation	1.0	0.0
s	1.0	0.0
hypothesis	1.0	0.0
expression	1.0	0.0
supraclavicular	0.5	0.5
among	1.0	0.0
filtering	1.0	0.0
cancer	0.999861428571	0.000138571428571
color	0.99996	4e-05
epileptic	0.99548	0.00452
period	1.0	0.0
innovations	1.0	0.0
60	1.0	0.0
occluder	1.0	0.0
stretched	1.0	0.0
learning	0.99997	3e-05
zonular	1.0	0.0
constant	0.99994	6e-05
considers	1.0	0.0
amino	0.99994	6e-05
considering	1.0	0.0
unusual	1.0	0.0
wearers	1.0	0.0
aorta	0.56288	0.43712
conceptualization	1.0	0.0
detected	0.99998	2e-05
jerks	0.13463	0.86537
tonsils	1.0	0.0
combined	0.99996	4e-05
500	1.0	0.0
systems	1.0	0.0
direction	1.0	0.0
formed	1.0	0.0
resistance	0.943018	0.056982
external	1.0	0.0
psychotherapy	1.0	0.0
bmy	1.0	0.0
nigricans	0.15816	0.84184
those	1.0	0.0
case	1.0	0.0
resides	1.0	0.0
these	1.0	0.0
acanthosis	0.15816	0.84184
premature	0.09493	0.90507
hypertrophy	0.13463	0.86537
trisulfide	1.0	0.0
pdsred	1.0	0.0
procoagulant	1.0	0.0
orientation	0.99998	2e-05
arteriosus	0.541255	0.458745
sleeping	1.0	0.0
regularity	1.0	0.0
sudden	1.0	0.0
proteolytic	1.0	0.0
spleens	1.0	0.0
protein	1.0	0.0
pericardium	1.0	0.0
creatinine	1.0	0.0
different	1.0	0.0
develop	1.0	0.0
coexisting	1.0	0.0
same	1.0	0.0
fragment	1.0	0.0
speech	1.0	0.0
kidney	0.920238	0.079762
otto	1.0	0.0
physical	0.968368	0.031632
events	1.0	0.0
unpolluted	1.0	0.0
lymphomas	1.0	0.0
sacrum	1.0	0.0
persons	1.0	0.0
diversion	0.99994	6e-05
pleura	0.99778	0.00222
reference	1.0	0.0
hydroxy	1.0	0.0
severe	1.0	0.0
without	0.99778	0.00222
relief	1.0	0.0
components	1.0	0.0
model	1.0	0.0
dimension	1.0	0.0
researchers	1.0	0.0
consisted	1.0	0.0
being	0.99998	2e-05
when	1.0	0.0
rest	1.0	0.0
clot	1.0	0.0
unclear	1.0	0.0
proximal	1.0	0.0
differentiation	1.0	0.0
flavor	1.0	0.0
speed	1.0	0.0
ethyl	1.0	0.0
death	0.918802	0.081198
staging	1.0	0.0
generator	1.0	0.0
seems	1.0	0.0
except	1.0	0.0
delbrueckii	1.0	0.0
improvement	1.0	0.0
wall	1.0	0.0
4	1.0	0.0
samples	1.0	0.0
electrical	0.99997	3e-05
aspects	1.0	0.0
around	0.99997	3e-05
haematuria	0.0	1.0
early	1.0	0.0
microangiopathic	0.78934	0.21066
using	1.0	0.0
sampling	1.0	0.0
lady	1.0	0.0
vanished	1.0	0.0
acute	0.796634	0.203366
ductal	0.99994	6e-05
malignancy	0.99336	0.00664
revaccination	0.99994	6e-05
t	1.0	0.0
neurologic	1.0	0.0
reduced	0.99997	3e-05
scored	1.0	0.0
satisfactory	1.0	0.0
exposed	1.0	0.0
zonula	1.0	0.0
zonule	1.0	0.0
presentation	1.0	0.0
moreover	1.0	0.0
questionnaire	1.0	0.0
intact	1.0	0.0
provided	1.0	0.0
dimensions	1.0	0.0
recorded	1.0	0.0
critical	1.0	0.0
deficit	0.200036	0.799964
transurethral	0.99112	0.00888
moderate	1.0	0.0
cephalosporin	1.0	0.0
bloatedness	0.0	1.0
scientific	1.0	0.0
k562	1.0	0.0
breastfeed	1.0	0.0
anticlockwise	1.0	0.0
ratios	1.0	0.0
fractured	0.62409	0.37591
mmol	1.0	0.0
earlier	1.0	0.0
comparison	1.0	0.0
ol	1.0	0.0
central	0.999861428571	0.000138571428571
enzymatic	1.0	0.0
of	0.991537935103	0.00846206489676
disabilities	0.461985	0.538015
discussed	1.0	0.0
practical	1.0	0.0
betatc3	1.0	0.0
concentrations	1.0	0.0
discusses	1.0	0.0
antibody	1.0	0.0
or	0.982125714286	0.0178742857143
enhancement	1.0	0.0
formication	0.95902	0.04098
pretransplantation	1.0	0.0
aortic	0.9073	0.0927
image	0.95902	0.04098
propanone	1.0	0.0
spinal	1.0	0.0
involvement	1.0	0.0
determine	1.0	0.0
gomez	1.0	0.0
intervention	1.0	0.0
area	0.993868571429	0.00613142857143
there	1.0	0.0
hepatosplenomegaly	0.09493	0.90507
detectable	1.0	0.0
low	0.964878	0.035122
cultures	1.0	0.0
sonographic	0.99994	6e-05
delayed	0.95902	0.04098
principles	1.0	0.0
follicular	0.66604	0.33396
posterior	0.999994545455	5.45454545455e-06
lymph	0.6	0.4
clones	1.0	0.0
mice	1.0	0.0
with	0.9998763	0.0001237
october	1.0	0.0
improved	1.0	0.0
circulation	0.99994	6e-05
equinatoxin	1.0	0.0
aneurysm	0.91119	0.08881
trigeminal	1.0	0.0
palate	1.0	0.0
lactobacillus	1.0	0.0
contralateral	0.920647	0.079353
rvh	0.78934	0.21066
avian	1.0	0.0
deep	1.0	0.0
an	0.999995	5e-06
immunoprecipitation	1.0	0.0
examine	1.0	0.0
hypertension	0.1844575	0.8155425
inulin	0.99994	6e-05
laboratory	1.0	0.0
tibial	1.0	0.0
pmol	1.0	0.0
assessing	1.0	0.0
yoga	1.0	0.0
ideally	1.0	0.0
administered	1.0	0.0
ctct	1.0	0.0
hygienists	1.0	0.0
igg	0.99997	3e-05
field	0.8	0.2
valid	1.0	0.0
5	1.0	0.0
iga	0.99997	3e-05
you	1.0	0.0
immunity	0.99994	6e-05
poor	0.932685	0.067315
briefly	1.0	0.0
separate	1.0	0.0
students	1.0	0.0
important	1.0	0.0
peak	0.99994	6e-05
included	1.0	0.0
unresponsive	1.0	0.0
insertions	1.0	0.0
bilateral	0.40599	0.59401
mimic	1.0	0.0
inhibited	1.0	0.0
mass	0.00097	0.99903
electrophoretypes	1.0	0.0
sensibility	0.99994	6e-05
oral	1.0	0.0
original	1.0	0.0
represent	1.0	0.0
all	1.0	0.0
chinese	1.0	0.0
surgical	1.0	0.0
systemic	0.672235	0.327765
varices	0.00452	0.99548
follow	1.0	0.0
meditation	1.0	0.0
children	1.0	0.0
polarity	1.0	0.0
to	0.977515777778	0.0224842222222
program	1.0	0.0
28100	1.0	0.0
dominated	1.0	0.0
nodes	0.333333333333	0.666666666667
cytokinesis	1.0	0.0
endogenous	1.0	0.0
cdna	1.0	0.0
conus	1.0	0.0
activities	1.0	0.0
very	1.0	0.0
apoptosis	1.0	0.0
fat	0.99994	6e-05
parry	1.0	0.0
vera	1.0	0.0
interpreting	1.0	0.0
candida	0.86537	0.13463
salmonella	1.0	0.0
difference	0.99994	6e-05
capillary	1.0	0.0
condition	0.998493333333	0.00150666666667
motor	0.99903	0.00097
induced	1.0	0.0
neurocutaneous	0.99994	6e-05
deficient	0.99997	3e-05
list	1.0	0.0
applicable	1.0	0.0
large	0.991416	0.008584
glaucomatous	0.95902	0.04098
small	1.0	0.0
reimplantation	1.0	0.0
pyrroline	1.0	0.0
198	1.0	0.0
ten	1.0	0.0
cerebrovascular	1.0	0.0
headspace	1.0	0.0
rate	0.99994	6e-05
design	1.0	0.0
perspective	1.0	0.0
functioning	0.98634	0.01366
abe	1.0	0.0
palatal	1.0	0.0
lactamase	1.0	0.0
emotions	1.0	0.0
endothelin	1.0	0.0
excitatory	1.0	0.0
learned	1.0	0.0
electrocerebral	0.99994	6e-05
method	1.0	0.0
contrast	0.99998	2e-05
movement	0.99994	6e-05
diffusely	1.0	0.0
component	1.0	0.0
hours	1.0	0.0
relaxation	0.99994	6e-05
multiforme	0.15816	0.84184
cirrhosis	0.78934	0.21066
900	1.0	0.0
thymidine	1.0	0.0
experience	1.0	0.0
prior	1.0	0.0
infrequently	1.0	0.0
base	1.0	0.0
pick	1.0	0.0
narrow	1.0	0.0
via	1.0	0.0
vasopressin	0.2934	0.7066
extrapleural	0.73551	0.26449
select	1.0	0.0
hemiparesis	0.15816	0.84184
two	1.0	0.0
yilmaz	1.0	0.0
6	1.0	0.0
injury	0.99548	0.00452
minor	0.15816	0.84184
more	1.0	0.0
volatiles	1.0	0.0
site	1.0	0.0
tested	1.0	0.0
immunoreactive	1.0	0.0
known	1.0	0.0
producing	1.0	0.0
commercially	1.0	0.0
none	1.0	0.0
toxins	1.0	0.0
recall	0.97951	0.02049
remain	1.0	0.0
depleting	1.0	0.0
strategies	1.0	0.0
male	0.999974285714	2.57142857143e-05
tunicamycin	1.0	0.0
history	1.0	0.0
scan	1.0	0.0
osteosarcoma	1.0	0.0
suggestions	1.0	0.0
scar	1.0	0.0
species	0.932685	0.067315
axis	0.99994	6e-05
information	1.0	0.0
drained	1.0	0.0
breaking	1.0	0.0
american	1.0	0.0
occasionally	1.0	0.0
hexanal	1.0	0.0
bifidobacterium	1.0	0.0
tried	1.0	0.0
thickened	0.84184	0.15816
derived	1.0	0.0
reflect	1.0	0.0
consequence	1.0	0.0
blood	0.999957142857	4.28571428571e-05
plana	1.0	0.0
evaluations	1.0	0.0
response	1.0	0.0
a	0.999722702703	0.000277297297297
short	1.0	0.0
causation	1.0	0.0
exhibited	1.0	0.0
sonograms	1.0	0.0
playing	0.99994	6e-05
infant	1.0	0.0
sphingomyelin	1.0	0.0
developed	1.0	0.0
oblique	1.0	0.0
mucosa	1.0	0.0
held	1.0	0.0
paper	1.0	0.0
through	0.999985	1.5e-05
existence	1.0	0.0
its	0.999991428571	8.57142857143e-06
24	1.0	0.0
25	1.0	0.0
27	1.0	0.0
20	1.0	0.0
21	1.0	0.0
22	1.0	0.0
susceptible	1.0	0.0
lateral	0.997938333333	0.00206166666667
nonviable	1.0	0.0
neuropsychological	6e-05	0.99994
symptoms	1.0	0.0
absence	1.0	0.0
microscopic	1.0	0.0
disclosed	1.0	0.0
pca	1.0	0.0
might	1.0	0.0
finer	1.0	0.0
good	1.0	0.0
food	1.0	0.0
primary	0.958232222222	0.0417677777778
framework	1.0	0.0
walls	1.0	0.0
sphincter	1.0	0.0
mansoni	1.0	0.0
foot	1.0	0.0
retroperitoneal	1.0	0.0
association	1.0	0.0
level	0.99994	6e-05
obstetric	1.0	0.0
radial	1.0	0.0
found	1.0	0.0
out	1.0	0.0
referred	1.0	0.0
reactions	0.99994	6e-05
eqtii	1.0	0.0
generation	0.99994	6e-05
reduce	1.0	0.0
investigated	1.0	0.0
chorioangiomas	0.99548	0.00452
measurement	1.0	0.0
penicillin	1.0	0.0
alcohol	1.0	0.0
item	1.0	0.0
since	1.0	0.0
health	1.0	0.0
inactivated	0.99998	2e-05
7	1.0	0.0
dysfunction	0.13463	0.86537
evaluation	1.0	0.0
occurs	1.0	0.0
pneumothorax	0.15816	0.84184
extraordinary	1.0	0.0
pitfalls	1.0	0.0
imaging	1.0	0.0
stomach	0.99994	6e-05
generate	1.0	0.0
schistosomiasis	1.0	0.0
diffused	1.0	0.0
benefits	1.0	0.0
running	1.0	0.0
brainstem	0.999515	0.000485
conducted	1.0	0.0
yersinia	1.0	0.0
hodgkin	1.0	0.0
major	1.0	0.0
explainable	1.0	0.0
probability	1.0	0.0
radical	1.0	0.0
thereafter	1.0	0.0
number	1.0	0.0
enlarged	0.0	1.0
hardening	1.0	0.0
defects	0.0	1.0
tlr4	1.0	0.0
hemihyperhidrosis	0.15816	0.84184
unexplained	1.0	0.0
temperature	0.99994	6e-05
leading	1.0	0.0
threatening	1.0	0.0
plexus	1.0	0.0
majority	1.0	0.0
hundred	1.0	0.0
recovered	1.0	0.0
conduit	1.0	0.0
para	0.99994	6e-05
needle	1.0	0.0
immediate	0.99994	6e-05
part	1.0	0.0
cartridges	1.0	0.0
authors	1.0	0.0
b	0.99998	2e-05
double	1.0	0.0
ranging	1.0	0.0
recording	1.0	0.0
determined	1.0	0.0
risks	1.0	0.0
treated	1.0	0.0
livers	1.0	0.0
trimoxazole	1.0	0.0
defect	0.78934	0.21066
precipitating	1.0	0.0
sentences	0.99994	6e-05
concentration	1.0	0.0
fetalis	0.13463	0.86537
relationship	1.0	0.0
cava	0.99994	6e-05
onset	0.99994	6e-05
also	1.0	0.0
recognizing	1.0	0.0
internal	1.0	0.0
generalized	0.99771	0.00229
finding	1.0	0.0
donor	1.0	0.0
stenosis	0.59401	0.40599
toxoids	0.99994	6e-05
abruption	0.09493	0.90507
province	1.0	0.0
play	1.0	0.0
caliber	1.0	0.0
electric	0.99994	6e-05
bands	1.0	0.0
most	1.0	0.0
74	1.0	0.0
71	1.0	0.0
70	1.0	0.0
alpha	0.99998	2e-05
measured	1.0	0.0
prostatic	1.0	0.0
traditional	1.0	0.0
phytohemagglutinin	1.0	0.0
pars	1.0	0.0
chorioamnionitis	0.09493	0.90507
thomas	1.0	0.0
islets	1.0	0.0
disturbances	0.84184	0.15816
cauda	1.0	0.0
session	1.0	0.0
malignant	0.458636666667	0.541363333333
velvety	0.84184	0.15816
murate	1.0	0.0
fine	1.0	0.0
venosus	0.99903	0.00097
access	1.0	0.0
giant	0.99903	0.00097
parameters	0.99994	6e-05
heavily	1.0	0.0
hypoattenuation	0.99994	6e-05
factor	1.0	0.0
8	1.0	0.0
hip	0.99887	0.00113
intractable	1.0	0.0
biopsy	1.0	0.0
haemostatic	0.253864	0.746136
capsule	1.0	0.0
breast	0.98769	0.01231
during	0.99999	1e-05
campylobacter	1.0	0.0
inducible	1.0	0.0
distraction	1.0	0.0
progressive	0.99704	0.00296
sources	1.0	0.0
tumors	0.710896666667	0.289103333333
acellular	0.99994	6e-05
common	1.0	0.0
recommendations	1.0	0.0
scanning	1.0	0.0
set	1.0	0.0
art	1.0	0.0
aspect	1.0	0.0
achieved	1.0	0.0
pcdna3	1.0	0.0
potent	1.0	0.0
antiproliferative	1.0	0.0
schizophrenic	1.0	0.0
sec	1.0	0.0
are	0.999964074074	3.59259259259e-05
close	1.0	0.0
polymorphic	1.0	0.0
thrombocytopenia	6e-05	0.99994
matter	0.86537	0.13463
macroscopic	0.99994	6e-05
various	1.0	0.0
vascular	0.999676666667	0.000323333333333
conditions	1.0	0.0
available	1.0	0.0
recently	1.0	0.0
responses	0.99994	6e-05
targeted	1.0	0.0
rapid	1.0	0.0
rarer	1.0	0.0
both	0.999985	1.5e-05
c	0.999722857143	0.000277142857143
last	1.0	0.0
density	0.86537	0.13463
sensitive	0.99373	0.00627
connection	1.0	0.0
whole	0.999955	4.5e-05
pda	0.7066	0.2934
cakes	1.0	0.0
point	1.0	0.0
reasons	1.0	0.0
sky	0.95902	0.04098
factitious	6e-05	0.99994
manners	1.0	0.0
hyperfiltration	0.95902	0.04098
adaptation	1.0	0.0
fibres	1.0	0.0
thermophilus	1.0	0.0
throughout	1.0	0.0
[	0.99903	0.00097
described	1.0	0.0
create	1.0	0.0
due	0.99997	3e-05
strategy	1.0	0.0
whom	1.0	0.0
reduction	1.0	0.0
dropping	0.95902	0.04098
secific	1.0	0.0
collected	1.0	0.0
nephrectomy	1.0	0.0
resting	1.0	0.0
bulgaricus	1.0	0.0
recalled	0.99994	6e-05
compromised	1.0	0.0
postglomerular	0.99994	6e-05
plasmas	1.0	0.0
extracted	1.0	0.0
p1	0.99994	6e-05
straight	0.98769	0.01231
tip	0.99994	6e-05
evaluated	1.0	0.0
precursor	1.0	0.0
while	1.0	0.0
replaced	1.0	0.0
ciliary	1.0	0.0
binding	1.0	0.0
occlusive	1.0	0.0
rim	0.99997	3e-05
urethra	1.0	0.0
twofold	1.0	0.0
cancers	0.99903	0.00097
elevated	0.98974	0.01026
shorter	1.0	0.0
benign	0.99903	0.00097
deletion	1.0	0.0
9	1.0	0.0
products	1.0	0.0
higher	1.0	0.0
development	1.0	0.0
used	1.0	0.0
temporary	1.0	0.0
painless	0.98769	0.01231
usually	1.0	0.0
001	1.0	0.0
000	1.0	0.0
purpose	1.0	0.0
mesothelioma	1.0	0.0
immunofluorescence	1.0	0.0
focal	0.0449166666667	0.955083333333
recent	1.0	0.0
lower	0.764446666667	0.235553333333
isotype	0.99997	3e-05
transcatheter	1.0	0.0
analysis	1.0	0.0
entry	1.0	0.0
ultrasound	1.0	0.0
prevention	1.0	0.0
breastfeeding	1.0	0.0
intrarenal	1.0	0.0
abilities	1.0	0.0
hypothesized	1.0	0.0
reviewed	1.0	0.0
atomic	1.0	0.0
questions	0.999985	1.5e-05
hemolytic	0.78934	0.21066
alternative	1.0	0.0
constrictor	1.0	0.0
injuries	0.872436666667	0.127563333333
globin	1.0	0.0
superficial	1.0	0.0
illusions	0.95902	0.04098
conclusions	1.0	0.0
lysenin	1.0	0.0
exclusively	1.0	0.0
signals	1.0	0.0
location	0.99994	6e-05
relevance	1.0	0.0
associations	1.0	0.0
australia	1.0	0.0
emergency	1.0	0.0
evaluate	1.0	0.0
interestingly	1.0	0.0
consensus	1.0	0.0
individuals	1.0	0.0
yields	1.0	0.0
eeg	0.999978181818	2.18181818182e-05
disorder	0.999515	0.000485
essential	1.0	0.0
valleys	1.0	0.0
methods	1.0	0.0
some	1.0	0.0
electroencephalogram	1.0	0.0
towards	1.0	0.0
echocardiographical	1.0	0.0
pronounced	1.0	0.0
gradually	1.0	0.0
scale	1.0	0.0
glycosylation	1.0	0.0
pet	1.0	0.0
decision	1.0	0.0
measurements	1.0	0.0
venereum	1.0	0.0
per	1.0	0.0
retro	1.0	0.0
scalp	1.0	0.0
be	1.0	0.0
patient	1.0	0.0
enterocolitica	1.0	0.0
300	1.0	0.0
processing	0.999806	0.000194
step	1.0	0.0
bp	1.0	0.0
cefaclor	1.0	0.0
relating	1.0	0.0
by	0.995357586207	0.0046424137931
vaccine	0.99994	6e-05
graft	1.0	0.0
glaucoma	0.999515	0.000485
""""	1.0	0.0
graduation	1.0	0.0
leukaemia	1.0	0.0
unintentional	1.0	0.0
range	1.0	0.0
chorioangioma	0.99548	0.00452
therapeutic	1.0	0.0
silence	0.99994	6e-05
anterior	1.0	0.0
repair	1.0	0.0
significant	1.0	0.0
abusive	0.998493333333	0.00150666666667
within	1.0	0.0
parton	1.0	0.0
contributor	1.0	0.0
thrombophilias	6e-05	0.99994
subcellular	1.0	0.0
eegs	1.0	0.0
long	1.0	0.0
tcac	1.0	0.0
infected	1.0	0.0
myoclonus	0.78934	0.21066
albumin	0.99996	4e-05
registered	1.0	0.0
polio	0.99994	6e-05
reiterated	1.0	0.0
quiescent	1.0	0.0
injection	1.0	0.0
intestines	1.0	0.0
rejection	1.0	0.0
skull	1.0	0.0
rnas	1.0	0.0
up	1.0	0.0
rnai	1.0	0.0
horner	1.0	0.0
highlight	1.0	0.0
similar	1.0	0.0
storing	1.0	0.0
associated	1.0	0.0
adults	1.0	0.0
lys	1.0	0.0
m	1.0	0.0
tomography	1.0	0.0
as	1.0	0.0
hemodynamic	1.0	0.0
amounts	0.99994	6e-05
entity	1.0	0.0
application	1.0	0.0
branhamella	1.0	0.0
department	1.0	0.0
users	1.0	0.0
developmental	0.641323333333	0.358676666667
endocrine	0.999485	0.000515
calcifications	0.0	1.0
prepared	1.0	0.0
glomerular	0.877375	0.122625
generated	0.9997575	0.0002425
allowing	1.0	0.0
suppression	1.0	0.0
fossa	0.99997	3e-05
structure	1.0	0.0
lymphoma	0.999676666667	0.000323333333333
correlated	1.0	0.0
e	1.0	0.0
valved	1.0	0.0
age	1.0	0.0
required	1.0	0.0
syringomyelia	6e-05	0.99994
presenting	1.0	0.0
at	1.0	0.0
requires	1.0	0.0
having	1.0	0.0
partial	1.0	0.0
tetralogy	1.0	0.0
illustrates	1.0	0.0
results	1.0	0.0
gg	1.0	0.0
gc	1.0	0.0
ga	0.99994	6e-05
tumours	0.15816	0.84184
rigidity	0.99548	0.00452
hepatosplenic	1.0	0.0
monomer	1.0	0.0
haemophillus	0.99994	6e-05
stably	1.0	0.0
young	1.0	0.0
radiological	1.0	0.0
stable	1.0	0.0
include	1.0	0.0
random	1.0	0.0
assay	1.0	0.0
iliac	0.99903	0.00097
periorbital	1.0	0.0
wave	0.99994	6e-05
inhibiting	1.0	0.0
electron	1.0	0.0
matsuda	1.0	0.0
promise	1.0	0.0
artery	0.682145	0.317855
continued	1.0	0.0
targeting	1.0	0.0
shock	0.99994	6e-05
fewer	0.99994	6e-05
noted	1.0	0.0
hullin	1.0	0.0
smaller	1.0	0.0
bleeding	3e-05	0.99997
antigen	0.994111428571	0.00588857142857
sensation	0.667465	0.332535
fold	1.0	0.0
acid	0.99994	6e-05
depression	0.00452	0.99548
plays	1.0	0.0
apparatus	1.0	0.0
methylpyrazine	1.0	0.0
hereditary	1.0	0.0
cell	0.999907619048	9.2380952381e-05
evoked	0.99996	4e-05
indian	1.0	0.0
volatile	1.0	0.0
sixth	1.0	0.0
;	1.0	0.0
exercise	1.0	0.0
rhamnosus	1.0	0.0
body	0.95902	0.04098
proliferation	1.0	0.0
led	1.0	0.0
degree	1.0	0.0
respectively	1.0	0.0
sutures	1.0	0.0
catheterization	1.0	0.0
preeclampsia	0.09493	0.90507
38	1.0	0.0
respiration	0.99994	6e-05
cts	1.0	0.0
32	1.0	0.0
30	1.0	0.0
suggests	1.0	0.0
preferentially	1.0	0.0
resulting	1.0	0.0
gene	1.0	0.0
untranslated	1.0	0.0
outcomes	1.0	0.0
anomalies	0.6309	0.3691
clockwise	0.99994	6e-05
apd	0.99903	0.00097
standing	0.98634	0.01366
use	1.0	0.0
from	1.0	0.0
remains	1.0	0.0
few	1.0	0.0
doubt	1.0	0.0
examination	1.0	0.0
secretions	1.0	0.0
on	0.999996666667	3.33333333333e-06
trait	0.991793333333	0.00820666666667
congestive	6e-05	0.99994
infection	6e-05	0.99994
methylbutanal	1.0	0.0
transient	0.999676666667	0.000323333333333
normalized	1.0	0.0
rabbit	1.0	0.0
nonreactive	0.99994	6e-05
baby	1.0	0.0
resection	0.99112	0.00888
practicing	1.0	0.0
f	1.0	0.0
this	0.999998125	1.875e-06
taguchi	1.0	0.0
urethral	0.99548	0.00452
crossed	1.0	0.0
metastases	0.7066	0.2934
control	1.0	0.0
do	1.0	0.0
hyperpigmented	0.26449	0.73551
high	0.999982857143	1.71428571429e-05
pulling	1.0	0.0
bones	1.0	0.0
tumor	0.6175275	0.3824725
syndrome	1.0	0.0
scarring	0.99994	6e-05
africans	1.0	0.0
occipital	1.0	0.0
delay	1.0	0.0
venous	1.0	0.0
palates	1.0	0.0
lesion	0.65553	0.34447
leukemia	1.0	0.0
collection	0.99994	6e-05
abuse	0.99548	0.00452
fatigue	0.13463	0.86537
demonstrating	1.0	0.0
marrow	0.99994	6e-05
yielded	1.0	0.0
prostate	0.9866625	0.0133375
monoxide	1.0	0.0
ambiguous	1.0	0.0
volunteers	1.0	0.0
six	1.0	0.0
produces	1.0	0.0
phalanges	0.62409	0.37591
sydenham	1.0	0.0
including	1.0	0.0
138	1.0	0.0
operative	1.0	0.0
superior	1.0	0.0
longitudinal	0.99998	2e-05
labor	0.09493	0.90507
thrombocythemia	0.99548	0.00452
permanent	1.0	0.0
covered	1.0	0.0
histological	1.0	0.0
2010	1.0	0.0
2012	1.0	0.0
physicians	1.0	0.0
greater	1.0	0.0
frontal	0.50223	0.49777
outlined	1.0	0.0
practice	1.0	0.0
fallot	1.0	0.0
cystostomy	1.0	0.0
p17	1.0	0.0
front	1.0	0.0
rotation	0.99994	6e-05
mmhg	1.0	0.0
furnace	1.0	0.0
profound	1.0	0.0
university	1.0	0.0
countries	1.0	0.0
identified	1.0	0.0
sufficiently	1.0	0.0
bicuspid	0.99112	0.00888
experienced	1.0	0.0
homogeneous	1.0	0.0
micrograms	1.0	0.0
radiographic	1.0	0.0
related	0.99997	3e-05
frequency	0.99997	3e-05
nondeletional	1.0	0.0
measure	1.0	0.0
82	1.0	0.0
83	1.0	0.0
85	1.0	0.0
category	1.0	0.0
'	1.0	0.0
cerebral	0.784788333333	0.215211666667
valve	0.99408	0.00592
electronics	1.0	0.0
cause	1.0	0.0
red	1.0	0.0
pathophysiological	1.0	0.0
immunohistochemistry	1.0	0.0
activity	0.999985882353	1.41176470588e-05
approaches	1.0	0.0
usual	1.0	0.0
regulatory	1.0	0.0
interaction	1.0	0.0
g	1.0	0.0
could	1.0	0.0
times	1.0	0.0
length	1.0	0.0
electroencephalographic	1.0	0.0
derivations	1.0	0.0
facilitate	1.0	0.0
south	1.0	0.0
arterial	0.89241	0.10759
widely	1.0	0.0
itching	0.37591	0.62409
saci	1.0	0.0
threadwire	1.0	0.0
improving	1.0	0.0
placental	0.7703425	0.2296575
calcaneum	1.0	0.0
reached	1.0	0.0
quality	1.0	0.0
endemic	1.0	0.0
promoter	1.0	0.0
management	1.0	0.0
publication	1.0	0.0
data	1.0	0.0
sep	1.0	0.0
system	1.0	0.0
relations	1.0	0.0
their	1.0	0.0
basilar	0.99112	0.00888
wrapped	0.99994	6e-05
chemotherapy	1.0	0.0
final	1.0	0.0
circulate	1.0	0.0
staphylococci	1.0	0.0
academy	1.0	0.0
completed	1.0	0.0
environmental	1.0	0.0
manifestation	1.0	0.0
lobe	0.2934	0.7066
congenital	1.0	0.0
observed	1.0	0.0
ureteral	1.0	0.0
isolation	1.0	0.0
aspiration	1.0	0.0
hemiplegia	1.0	0.0
patients	0.999991666667	8.33333333333e-06
amplitude	0.99994	6e-05
pertussis	0.90507	0.09493
descriptions	1.0	0.0
postanoxic	0.78934	0.21066
methicillin	1.0	0.0
delineated	1.0	0.0
have	1.0	0.0
need	1.0	0.0
demonstration	1.0	0.0
clearly	1.0	0.0
angle	1.0	0.0
57	1.0	0.0
min	0.99997	3e-05
caval	0.99997	3e-05
screen	1.0	0.0
able	1.0	0.0
septal	0.78934	0.21066
alterna	1.0	0.0
which	1.0	0.0
intraclass	1.0	0.0
persistence	1.0	0.0
accuracy	1.0	0.0
firefly	1.0	0.0
who	1.0	0.0
connected	0.99994	6e-05
cloned	1.0	0.0
intrinsic	0.99994	6e-05
dorsal	1.0	0.0
volume	0.99997	3e-05
reapproximation	1.0	0.0
placement	1.0	0.0
inappropriate	1.0	0.0
hydrocephalus	6e-05	0.99994
disease	1.0	0.0
face	1.0	0.0
isotypes	0.99997	3e-05
mechanical	1.0	0.0
impression	0.99112	0.00888
selection	1.0	0.0
deviation	1.0	0.0
answered	0.99994	6e-05
supported	1.0	0.0
rotating	1.0	0.0
fear	1.0	0.0
principal	1.0	0.0
antiserum	1.0	0.0
based	1.0	0.0
knowledge	1.0	0.0
mucinosis	0.99903	0.00097
noteworthy	1.0	0.0
subperiosteal	0.9992725	0.0007275
controls	1.0	0.0
should	1.0	0.0
terminal	1.0	0.0
unheated	1.0	0.0
inferior	0.99996	4e-05
peptide	1.0	0.0
hindiii	1.0	0.0
epidermoid	1.0	0.0
likert	1.0	0.0
biosynthetic	1.0	0.0
pathophysiology	1.0	0.0
joint	1.0	0.0
datasets	1.0	0.0
words	0.99994	6e-05
sinus	0.99903	0.00097
procedures	1.0	0.0
areas	0.955123333333	0.0448766666667
processes	1.0	0.0
course	1.0	0.0
h	1.0	0.0
nosography	1.0	0.0
thalamic	1.0	0.0
qi	0.99994	6e-05
levoatrial	0.901553333333	0.0984466666667
computed	1.0	0.0
national	1.0	0.0
correlations	1.0	0.0
we	1.0	0.0
freeze	1.0	0.0
p24	1.0	0.0
p27	1.0	0.0
p21	1.0	0.0
enhanced	0.99994	6e-05
electrode	1.0	0.0
creating	1.0	0.0
pattern	0.999955	4.5e-05
distractor	1.0	0.0
state	1.0	0.0
difficulties	1.0	0.0
identification	1.0	0.0
correctly	0.99994	6e-05
membrane	0.997585882353	0.00241411764706
antituberculous	1.0	0.0
kidneys	0.99997	3e-05
comparable	1.0	0.0
importance	1.0	0.0
streptococci	1.0	0.0
renovascular	0.78934	0.21066
neonatal	1.0	0.0
efficiency	1.0	0.0
preglomerular	0.99994	6e-05
key	1.0	0.0
problem	1.0	0.0
deficits	6e-05	0.99994
drug	1.0	0.0
subthalamic	1.0	0.0
strains	1.0	0.0
transplantation	1.0	0.0
estimation	1.0	0.0
sequenced	1.0	0.0
inflammatory	0.99548	0.00452
co	1.0	0.0
cm	1.0	0.0
colonisation	0.86537	0.13463
doxycycline	1.0	0.0
vena	0.99996	4e-05
pulmonary	0.69827	0.30173
ct	1.0	0.0
asphyxia	6e-05	0.99994
addition	1.0	0.0
validating	1.0	0.0
genetic	0.99112	0.00888
outflow	0.99994	6e-05
treat	1.0	0.0
enlarging	0.2934	0.7066
anomaly	1.0	0.0
define	1.0	0.0
describe	1.0	0.0
controlled	1.0	0.0
dimethylpyrazine	1.0	0.0
sufficient	1.0	0.0
clusters	1.0	0.0
granulomatous	0.99994	6e-05
gross	0.98769	0.01231
general	1.0	0.0
present	1.0	0.0
novel	1.0	0.0
appearance	1.0	0.0
sphingolipidosis	0.99903	0.00097
value	1.0	0.0
plicata	1.0	0.0
will	1.0	0.0
extracts	1.0	0.0
periods	1.0	0.0
mutant	1.0	0.0
molecular	1.0	0.0
thus	1.0	0.0
surprisingly	1.0	0.0
surface	1.0	0.0
monospecific	1.0	0.0
recipients	1.0	0.0
cross	1.0	0.0
parts	1.0	0.0
infarction	0.753448333333	0.246551666667
difficult	1.0	0.0
intravascular	0.98769	0.01231
anterolateral	1.0	0.0
frequently	1.0	0.0
judgment	1.0	0.0
diabetes	1.0	0.0
polymorphism	1.0	0.0
off	0.95902	0.04098
p11	1.0	0.0
i	1.0	0.0
well	1.0	0.0
patterns	1.0	0.0
tenax	1.0	0.0
diphtheria	0.99994	6e-05
comparisons	1.0	0.0
fetal	0.463988333333	0.536011666667
orthopaedic	0.999096	0.000904
increasingly	1.0	0.0
not	0.999995384615	4.61538461538e-06
sarcoidosis	0.99903	0.00097
purified	1.0	0.0
ampicillin	1.0	0.0
conjugates	1.0	0.0
tight	1.0	0.0
absorption	1.0	0.0
ureteroureterostomy	1.0	0.0
ectopic	1.0	0.0
golgi	1.0	0.0
arrest	0.92978	0.07022
c18	1.0	0.0
attractive	1.0	0.0
stakeholders	1.0	0.0
resolved	1.0	0.0
tests	1.0	0.0
cuneiform	1.0	0.0
increased	0.99994	6e-05
furfural	1.0	0.0
five	1.0	0.0
facial	0.84513	0.15487
sequencing	1.0	0.0
loss	6e-05	0.99994
necessary	1.0	0.0
like	0.668173333333	0.331826666667
admitted	1.0	0.0
become	1.0	0.0
lymphogranuloma	1.0	0.0
replacement	1.0	0.0
polyhydramnios	0.09493	0.90507
because	1.0	0.0
sequence	1.0	0.0
phenomena	0.999515	0.000485
library	1.0	0.0
growth	0.750015	0.249985
sphingolipid	1.0	0.0
choosing	1.0	0.0
recommendation	1.0	0.0
supportive	1.0	0.0
recognition	1.0	0.0
lead	0.999965714286	3.42857142857e-05
broad	0.99994	6e-05
bursts	0.99994	6e-05
mutation	1.0	0.0
octen	1.0	0.0
demonstrated	1.0	0.0
noise	1.0	0.0
lipid	1.0	0.0
analysed	1.0	0.0
paediatric	1.0	0.0
pressure	0.99996	4e-05
although	1.0	0.0
fluorescent	1.0	0.0
p31	1.0	0.0
stage	0.84184	0.15816
gained	1.0	0.0
about	1.0	0.0
rare	1.0	0.0
carried	1.0	0.0
hydrops	0.11478	0.88522
myeloid	1.0	0.0
previously	1.0	0.0
homogenates	1.0	0.0
assess	1.0	0.0
chronic	0.94616	0.05384
lung	0.833495	0.166505
female	0.999976	2.4e-05
1986	1.0	0.0
terminated	1.0	0.0
additional	1.0	0.0
adolescent	1.0	0.0
1988	1.0	0.0
1989	1.0	0.0
polycythemia	0.52049	0.47951
describes	1.0	0.0
rcc	0.99903	0.00097
function	0.999964	3.6e-05
urothelial	0.99903	0.00097
stomatitis	0.62409	0.37591
north	1.0	0.0
hr	1.0	0.0
but	1.0	0.0
intracranial	1.0	0.0
immunologically	1.0	0.0
repeated	1.0	0.0
lowered	0.99994	6e-05
clinically	1.0	0.0
hf	0.9999775	2.25e-05
made	1.0	0.0
acetyl	1.0	0.0
whether	1.0	0.0
cells	0.999995384615	4.61538461538e-06
variations	1.0	0.0
ligamentous	1.0	0.0
graphite	1.0	0.0
infants	1.0	0.0
demonstrate	1.0	0.0
distribution	1.0	0.0
spectrometry	1.0	0.0
minutes	1.0	0.0
recognize	1.0	0.0
tissues	0.99548	0.00452
slowing	1.0	0.0
persistent	1.0	0.0
disinhibition	1.0	0.0
lobes	0.932685	0.067315
epithelial	1.0	0.0
hematological	0.9277225	0.0722775
suprapubic	1.0	0.0
compared	1.0	0.0
variety	1.0	0.0
42	1.0	0.0
43	1.0	0.0
40	1.0	0.0
other	1.0	0.0
hematuria	0.0	1.0
conclusion	1.0	0.0
traumatic	0.99548	0.00452
hageman	1.0	0.0
enlargement	0.95902	0.04098
pathways	1.0	0.0
vein	0.957791428571	0.0422085714286
opened	1.0	0.0
designers	1.0	0.0
pseudokidney	0.90507	0.09493
dysphasia	6e-05	0.99994
lasted	1.0	0.0
diagnosis	1.0	0.0
rural	1.0	0.0
silica	1.0	0.0
ischaemic	6e-05	0.99994
liver	0.998514	0.001486
Word	Difficulty
iatrogenic	3.24293
systematic	3.24293
limited	3.24293
magnetic	3.24293
hinshawii	3.24293
dynamic	3.24293
plasmids	3.24293
four	3.24293
circuitry	3.24293
controversial	3.24293
consists	3.24293
tonsillar	3.24293
biopotential	3.24293
localized	3.24293
poorly	2.46007
coarctation	1.47302
physiological	2.65296
intron	3.24293
disability	0.830325
rostral	3.24293
vinylguaiacol	3.24293
endings	3.24293
presents	3.24293
numbness	3.24293
mental	0.74286
under	1.47302
alternating	3.24293
vaso	3.24293
hypertensive	0.89435
cardiomegaly	1.47302
activation	3.24293
upstream	3.24293
experimentally	3.24293
bringing	3.24293
anemia	0.70951
differentiated	3.24293
pooled	3.24293
progression	3.24293
supports	3.24293
vector	3.24293
cholesterol	3.24293
enhance	3.24293
shows	3.24293
luciferase	3.24293
infancy	3.24293
japanese	3.24293
second	3.24293
estimated	3.24293
blue	3.24293
established	3.24293
filtration	1.47302
trapping	3.24293
organisms	3.24293
excised	3.24293
selected	3.24293
consequent	3.24293
unreality	0.89435
qigong	3.24293
new	3.24293
increasing	3.24293
arthroscopy	3.24293
mechanisms	3.24293
never	3.24293
kindred	3.24293
here	3.24293
reported	3.24293
china	3.24293
endoscopic	3.24293
represented	3.24293
100	3.24293
101	3.24293
107	3.24293
obtained	3.24293
apical	3.24293
kids	3.24293
allele	3.24293
forum	3.24293
glycolipids	3.24293
items	3.24293
study	3.24293
changed	3.24293
completely	3.24293
reports	3.24293
controversy	3.24293
etiology	3.24293
transfected	3.24293
changes	2.31874833333
interferon	3.24293
campaign	3.24293
treatment	2.65296
highly	3.24293
psychological	1.98453666667
atrium	1.47302
total	3.24293
kobayashi	3.24293
derivatives	3.24293
would	3.24293
osteoma	1.23766
hospital	3.24293
microdilution	3.24293
negative	3.24293
subgrouped	3.24293
leaks	3.24293
therefore	3.24293
m2	3.24293
type	2.8004525
until	3.24293
butanone	3.24293
aware	3.24293
99	3.24293
reversible	2.14261
adult	3.24293
91	3.24293
microbiologically	3.24293
blocking	3.24293
68ga	0.89435
1990	3.24293
word	3.24293
mm	3.24293
ml	3.24293
work	3.24293
mammalian	3.24293
itself	3.24293
ms	3.24293
root	3.24293
unilateral	1.23766
indicated	3.24293
hemoglobin	3.24293
hippurate	1.47302
confocal	3.24293
risk	3.24293
end	3.24293
provide	3.24293
niemann	3.24293
damage	1.28797
far	3.24293
clubbing	0.68452
significance	3.24293
pentanol	3.24293
iiib	0.74286
eyeballs	3.24293
description	3.24293
less	3.24293
after	3.124936
containing	2.8004525
midbrain	3.24293
parallel	3.24293
types	3.24293
childhood	3.24293
perform	3.24293
checkerboard	3.24293
upside	0.89435
correlation	3.24293
order	3.24293
restriction	1.47302
amplifying	3.24293
zen	3.24293
affect	3.24293
responsive	3.24293
before	3.24293
cll	3.24293
lps	3.24293
auditory	2.57450666667
clearances	1.47302
better	3.24293
402	3.24293
distal	2.65296
easier	3.24293
phenotype	3.24293
maximal	3.24293
then	3.24293
diseases	3.24293
combination	3.24293
fixation	3.24293
safe	3.24293
neurological	1.47302
band	1.8229725
hypoxia	1.47302
therapy	3.24293
effects	2.487894
they	3.24293
mimicking	3.24293
structural	3.24293
probiotic	3.24293
sids	3.24293
arrested	3.24293
l	3.24293
stimulus	1.1518325
each	3.24293
interfering	3.24293
side	1.72170333333
bone	2.57450666667
mean	2.65296
series	3.24293
displacement	1.47302
attenuation	0.89435
webbed	3.24293
extract	3.24293
peaks	3.24293
rv	0.92077
gradient	1.47302
thrombin	1.47302
tonsil	1.963725
crucial	3.24293
content	3.24293
medicine	3.24293
arizona	3.24293
ascending	0.80193
frontoparietal	0.76168
mistaking	3.24293
popliteal	3.24293
mononuclear	3.24293
rubra	3.24293
equina	3.24293
exposing	3.24293
created	3.24293
denture	1.82369555556
days	3.24293
creates	3.24293
levels	2.357975
features	3.24293
grade	3.24293
vitro	3.24293
hearing	3.24293
electronic	3.24293
170	3.24293
seizures	0.88556
olds	3.24293
rated	3.24293
neuromuscular	3.24293
xii	3.24293
hemodynamics	3.24293
approximately	3.24293
confirming	3.24293
rates	1.47302
observations	3.24293
suppressive	3.24293
myelomonocytic	3.24293
remote	3.24293
dilated	1.4648575
intestine	1.47302
serve	3.24293
ankle	2.81477333333
western	3.24293
target	3.24293
showed	3.24293
likely	3.24293
binds	3.24293
prone	3.24293
acquisition	3.24293
plasmin	1.47302
membranes	3.24293
dyns	3.24293
relatively	3.24293
psma	1.47302
isolated	1.90608333333
indexes	3.24293
chest	1.47302
subjects	3.24293
shelf	3.24293
isolates	3.24293
mutants	3.24293
tibia	3.24293
memory	1.47302
checkerboards	3.24293
it	3.24293
anatomy	3.24293
involving	3.24293
carcinoma	1.96150875
immunological	3.24293
observation	3.24293
flow	1.9154975
pathohistologic	3.24293
points	3.24293
sphingomyelinase	1.47302
advisory	3.24293
basolateral	3.24293
manipulation	3.24293
ipsilateral	3.24293
papillary	0.68452
availability	3.24293
representing	3.24293
minnesota	3.24293
hemiatrophy	2.37612333333
judged	1.47302
rice	3.24293
wearing	2.357975
desorption	3.24293
dl	3.24293
wide	3.24293
haemophilus	3.24293
degradation	3.24293
aetiology	3.24293
yfp	3.24293
reversal	1.47302
despite	3.24293
report	3.24293
aroma	3.24293
emg	1.47302
abdominal	1.23766
microscopy	3.24293
public	3.24293
release	0.67399
implication	3.24293
electrodes	3.24293
clarified	3.24293
peripheral	3.24293
testing	3.24293
unexpectedly	3.24293
cytoplasmic	3.24293
result	3.24293
techniques	3.24293
capacity	3.24293
04	3.24293
05	3.24293
targets	3.24293
protected	3.24293
finger	1.47302
365	3.24293
ocular	2.655785
assays	3.24293
nature	3.24293
inaba	3.24293
however	3.24293
carbon	3.24293
linkage	3.24293
atrial	0.70951
uncrossed	3.24293
myoclonic	0.76168
store	3.24293
disinserting	3.24293
amoxicillin	3.24293
uncertainty	3.24293
heating	3.24293
against	3.24293
ventricular	0.964013333333
pre	3.24293
somatosensory	3.24293
appeared	3.24293
seizure	0.74286
advancement	3.24293
active	3.24293
hygiene	2.6226175
cannulation	3.24293
250	3.24293
evidences	3.24293
presumable	3.24293
recognises	3.24293
three	3.24293
been	3.24293
empyema	1.47302
expected	3.24293
entered	3.24293
lactis	3.24293
issignificantly	3.24293
dry	3.24293
life	3.24293
efficacy	3.24293
bladder	1.399004
uncommon	3.24293
strictures	1.10292
erythema	0.74286
child	1.10292
guttentag	3.24293
calcified	0.76168
inhibit	3.24293
say	3.24293
n	3.24293
aim	3.24293
abrupt	1.47302
precede	3.24293
procedure	3.24293
seven	3.24293
equator	3.24293
reproducibility	3.24293
broth	3.24293
ureter	2.4995
perinatal	2.7416125
ii	3.24293
elicit	3.24293
tissue	1.52515333333
hygienist	3.24293
in	3.05811803279
comparative	3.24293
if	3.24293
confirmed	3.24293
severity	3.24293
romberg	3.24293
patent	0.663435
suggest	3.24293
recurrent	0.68452
linked	3.24293
complex	3.24293
potentially	3.24293
split	2.65296
big	3.24293
several	3.24293
independent	3.24293
myocardial	0.973585
syncopal	3.24293
osteotomy	3.24293
hand	3.24293
potentials	3.24293
myelomatosis	3.24293
cycle	3.24293
allografts	3.24293
constriction	0.89435
episodic	1.10292
stimuli	3.24293
failing	1.10292
disseminated	1.01264
radioimmunoassay	3.24293
squamous	3.24293
contact	3.24293
mother	3.24293
the	3.0666584375
left	1.63656285714
seasonal	3.24293
birth	0.65288
identify	3.24293
human	3.24293
yet	3.24293
succeeding	3.24293
previous	3.24293
thyroid	3.24293
visualization	3.24293
arai	3.24293
nonprimate	3.24293
candidate	3.24293
similarities	3.24293
had	3.24293
pathognomonic	3.24293
percutaneous	3.24293
neoplasm	0.70951
easy	3.24293
hemisensory	1.47302
has	3.24293
plasma	2.65296
gave	3.24293
elevation	3.24293
africa	3.24293
rna	3.24293
possible	3.24293
audiology	3.24293
background	3.24293
clustered	3.24293
cape	3.24293
potassium	3.24293
unique	3.24293
advanced	3.24293
occurring	3.24293
precise	3.24293
54	3.24293
occlusion	1.70251
50	3.24293
specific	2.29042
vibrometry	3.24293
signal	3.24293
beneficial	3.24293
right	1.827525
old	3.24293
insulinoma	0.76168
multiple	3.24293
psychogenic	1.23766
separately	3.24293
for	3.24293
contributing	3.24293
unit	3.24293
lymphadenectomy	3.24293
cortical	3.24293
participation	2.357975
cord	3.24293
insipidus	3.24293
jejuni	3.24293
dental	3.24293
metastatic	1.1661
coexisted	3.24293
midbody	3.24293
lentiviral	3.24293
attacks	3.24293
months	3.24293
anomalous	3.24293
o	3.24293
influenzae	2.357975
eight	3.24293
nerve	2.10157111111
raised	1.47302
leukemias	3.24293
tetanus	1.47302
presence	3.24293
formulae	3.24293
intellectual	3.24293
down	0.89435
loin	1.10292
reducing	3.24293
malignancies	1.6264675
often	3.24293
existed	3.24293
vaccination	3.24293
]	1.23766
support	3.24293
initial	3.24293
clinical	3.24293
fraction	3.24293
resulted	3.24293
was	3.02169125
metabolism	1.47302
questionable	3.24293
head	0.847585
form	3.24293
decadienal	3.24293
differences	3.24293
analyse	3.24293
failure	0.8620875
heat	3.24293
incorporation	3.24293
sustained	3.24293
225	3.24293
222	3.24293
renal	2.08289166667
hypoplastic	1.47302
responding	3.24293
devices	3.24293
complications	3.24293
150	3.24293
homonymous	3.24293
classic	3.24293
aorto	3.24293
proven	3.24293
evidence	3.24293
acetoin	3.24293
gland	3.24293
floating	0.89435
distributions	3.24293
constructed	3.24293
shigella	3.24293
epidemiological	3.24293
no	2.888948
innervated	3.24293
whereas	3.24293
fitzgerald	1.01264
handed	1.47302
setting	3.24293
role	3.24293
digital	3.24293
test	3.24293
vegetative	3.24293
vegetativa	3.24293
node	3.24293
picture	3.24293
concurrent	3.24293
cyanosis	1.78798666667
rising	0.89435
scores	3.24293
cleaves	3.24293
died	3.24293
longer	3.24293
together	3.24293
time	2.65296
serious	3.24293
urinary	1.577625
concept	3.24293
focus	3.24293
mild	3.24293
skin	1.36848166667
abundant	3.24293
spike	1.47302
layers	3.24293
depend	3.24293
disorders	2.841876
nineteen	3.24293
technique	3.24293
indolent	3.24293
passage	3.24293
0	3.24293
paramedian	1.10292
promoting	3.24293
monocytes	3.24293
postgraduation	3.24293
acidophilus	3.24293
protective	3.24293
md	3.24293
frequencies	3.24293
respiratory	1.47302
presented	3.24293
did	3.24293
dic	3.24293
p	3.24293
mucosal	3.24293
eosinophilic	0.74286
grafts	3.24293
epidemiology	3.24293
perceptual	1.23766
accumulation	3.24293
inconsistent	3.24293
siga	2.357975
upper	1.47302
unexpected	3.24293
occurrence	3.24293
findings	3.24293
cancellous	3.24293
bacteria	3.24293
spectral	1.47302
streptococcus	3.24293
sacral	3.24293
representative	3.24293
distension	3.24293
current	3.24293
international	3.24293
falling	0.89435
hairy	3.24293
supporting	1.47302
statistically	3.24293
genes	3.24293
water	3.24293
catarrhalis	3.24293
wais	3.24293
along	1.47302
polydipsia	0.70951
change	3.24293
healthy	3.24293
shift	2.06299
studied	3.24293
commonly	3.24293
hydrostatic	1.47302
wupperthal	3.24293
simultaneous	3.24293
throughput	3.24293
diagnosed	3.24293
domains	3.24293
resonance	3.24293
studies	3.24293
hydrodissection	3.24293
subscales	3.24293
tasks	3.24293
problematic	3.24293
parenchymal	3.24293
tenseness	1.04229
ureters	1.01264
islet	3.24293
transplant	3.24293
sympathetic	2.357975
positive	3.24293
anatomical	2.357975
scenarios	3.24293
territories	3.24293
chilliness	0.65288
criteria	3.24293
enriched	3.24293
australian	3.24293
ductus	0.663435
visual	2.06299
distractors	3.24293
cases	3.24293
indicates	3.24293
cap	3.24293
modified	3.24293
inflamed	1.10292
reviews	3.24293
makino	3.24293
can	3.24293
following	2.73724142857
making	3.24293
heart	1.84317
neurosarcoidosis	1.23766
multifactorial	3.24293
schieber	3.24293
spp	3.24293
medullaris	3.24293
stroke	1.23766
performed	3.24293
capsules	3.24293
conversely	3.24293
occur	3.24293
dyspnoea	1.47302
septic	3.24293
secretory	2.357975
warfarin	1.47302
1	3.24293
immune	2.65296
cardinal	1.04977
pins	3.24293
immuno	3.24293
parameter	3.24293
pathway	3.24293
redundance	3.24293
product	3.24293
rigors	3.24293
may	3.24293
fueled	3.24293
cardiac	2.1220375
such	3.24293
misdiagnosed	3.24293
revealed	3.24293
folliculitis	0.99026
man	3.24293
natural	3.24293
purification	3.24293
fluent	1.10292
branched	3.24293
gamma	3.24293
sm	3.24293
dreamland	0.89435
tbilisi	3.24293
exclusive	3.24293
shrna	3.24293
considerations	3.24293
mainly	3.24293
years	3.24293
stability	3.24293
brain	1.10292
pseudohallucination	0.89435
still	3.24293
blocked	3.24293
group	3.24293
thumb	2.357975
how	3.24293
duplex	2.127785
reacting	3.24293
lesions	1.13763
osteoid	1.23766
titers	3.24293
sensitivity	3.24293
schistosomes	1.47302
main	3.24293
uptake	1.47302
into	3.24293
non	2.60170285714
neoplasms	1.23766
thereby	3.24293
exon	3.24293
cuniform	3.24293
infarcts	0.74286
now	3.24293
provision	3.24293
discuss	3.24293
pyrazine	3.24293
possess	3.24293
administer	3.24293
term	3.24293
arteriolar	1.070552
coagulation	1.01264
femoral	3.24293
veins	2.357975
instability	1.01264
significantly	3.24293
fistula	0.976046666667
abnormal	0.68452
temporo	3.24293
year	3.24293
phalanx	2.357975
medications	3.24293
stenotic	1.18331666667
factory	3.24293
perineum	3.24293
increase	1.47302
contained	3.24293
investigation	3.24293
trauma	0.919523333333
suggesting	3.24293
correct	3.24293
esophageal	1.10292
arthritis	3.24293
pathogenic	3.24293
million	3.24293
electrophoretype	3.24293
possibility	3.24293
diagnostic	3.24293
recordings	3.24293
complicated	3.24293
hpfh	3.24293
training	3.24293
language	3.24293
transition	3.24293
british	3.24293
grifka	3.24293
place	3.24293
massive	3.24293
swing	1.47302
neglect	1.10292
frequent	3.24293
first	3.24293
dimethyl	3.24293
immunoelectron	3.24293
one	3.24293
psychophysiological	1.47302
specifically	3.24293
osteomas	1.23766
open	3.24293
calcific	0.80224
malrotation	0.89435
lens	3.24293
anteriorly	1.47302
stimulation	3.24293
indicate	3.24293
2	3.16918375
adenocarcinoma	1.01264
white	2.41584666667
structures	1.47302
anderluh	3.24293
eyes	3.24293
pleurocutaneous	0.80224
subsp	3.24293
that	3.24293
eliminates	3.24293
gastroenteritis	1.23766
tuberculomata	0.70951
mtbi	3.24293
than	2.947945
coefficients	3.24293
11	3.24293
10	3.24293
12	3.24293
15	3.24293
14	3.24293
16	3.24293
19	3.24293
18	3.24293
require	3.24293
kishimoto	3.24293
shunting	1.04229
r	3.24293
were	3.19754769231
and	3.047113
radioimmunoassays	3.24293
ana	3.24293
remained	3.24293
cardiorespiratory	0.70951
innominate	1.47302
abnormalities	1.030784
saw	3.24293
any	3.24293
conversion	3.24293
efficient	3.24293
papular	1.23766
potential	2.57921375
fracture	3.24293
performance	3.24293
aortotomy	3.24293
28	3.24293
201	3.24293
pain	1.82587666667
normal	3.065939
beta	3.24293
furfuryl	3.24293
tract	2.357975
pair	3.24293
knee	2.6853575
paget	3.24293
inserted	3.24293
probes	3.24293
especially	3.24293
shrnas	3.24293
considered	3.24293
later	3.24293
infections	3.24293
methanol	3.24293
rotaviral	3.24293
peptides	3.24293
trafficking	3.24293
dispersed	3.24293
typically	3.24293
ciliaris	3.24293
obstructive	0.96109
oncogenes	3.24293
show	3.24293
synchronous	0.67399
fifty	3.24293
fletcher	1.01264
threshold	2.534966
line	3.24293
iq	1.47302
transvesical	3.24293
investigators	3.24293
behind	3.24293
only	3.24293
black	3.24293
over	3.24293
absent	2.65296
homogenate	3.24293
affecting	3.24293
clavulanate	3.24293
primates	3.24293
is	3.24293
secondary	3.24293
reveal	3.24293
median	1.82587666667
medial	3.24293
across	3.24293
hypothalamospinal	3.24293
erythromycin	3.24293
gianturco	3.24293
relative	3.24293
vivo	3.24293
eliminating	3.24293
surgery	3.24293
enzymatically	3.24293
inhibitory	3.24293
compounds	3.24293
review	3.24293
circulating	3.24293
vaccines	2.357975
3	3.24293
between	3.24293
reproducible	3.24293
dextroversion	1.0390175
ruptured	3.24293
suppresses	3.24293
originated	3.24293
tur	3.24293
ventroposterolateral	3.24293
haematomesis	3.24293
heterogeneous	3.24293
coma	1.47302
article	3.24293
cervical	3.24293
suppressed	3.24293
soreness	0.65288
isthmus	1.992895
acquiring	3.24293
warmness	1.47302
region	3.24293
enabling	3.24293
propagation	3.24293
s	3.24293
hypothesis	3.24293
expression	3.24293
supraclavicular	3.24293
among	3.24293
filtering	3.24293
cancer	2.95646285714
color	2.06299
epileptic	1.10292
period	3.24293
innovations	3.24293
60	3.24293
occluder	3.24293
stretched	3.24293
learning	2.357975
zonular	3.24293
constant	1.47302
considers	3.24293
amino	1.47302
considering	3.24293
unusual	3.24293
wearers	3.24293
aorta	1.137475
conceptualization	3.24293
detected	2.65296
jerks	0.76168
tonsils	3.24293
combined	2.06299
500	3.24293
systems	3.24293
direction	3.24293
formed	3.24293
resistance	1.070552
external	3.24293
psychotherapy	3.24293
bmy	3.24293
nigricans	0.74286
those	3.24293
case	3.24293
resides	3.24293
these	3.24293
acanthosis	0.74286
premature	0.80224
hypertrophy	0.76168
trisulfide	3.24293
pdsred	3.24293
procoagulant	3.24293
orientation	2.65296
arteriosus	0.663435
sleeping	3.24293
regularity	3.24293
sudden	3.24293
proteolytic	3.24293
spleens	3.24293
protein	3.24293
pericardium	3.24293
creatinine	3.24293
different	3.24293
develop	3.24293
coexisting	3.24293
same	3.24293
fragment	3.24293
speech	3.24293
kidney	2.13387
otto	3.24293
physical	2.742916
events	3.24293
unpolluted	3.24293
lymphomas	3.24293
sacrum	3.24293
persons	3.24293
diversion	1.47302
pleura	2.69277
reference	3.24293
hydroxy	3.24293
severe	3.24293
without	2.69277
relief	3.24293
components	3.24293
model	3.24293
dimension	3.24293
researchers	3.24293
consisted	3.24293
being	2.65296
when	3.24293
rest	3.24293
clot	3.24293
unclear	3.24293
proximal	3.24293
differentiation	3.24293
flavor	3.24293
speed	3.24293
ethyl	3.24293
death	2.723946
staging	3.24293
generator	3.24293
seems	3.24293
except	3.24293
delbrueckii	3.24293
improvement	3.24293
wall	3.24293
4	3.24293
samples	3.24293
electrical	2.357975
aspects	3.24293
around	2.357975
haematuria	3.24293
early	3.24293
microangiopathic	0.70951
using	3.24293
sampling	3.24293
lady	3.24293
vanished	3.24293
acute	2.36887
ductal	1.47302
malignancy	1.12515
revaccination	1.47302
t	3.24293
neurologic	3.24293
reduced	2.357975
scored	3.24293
satisfactory	3.24293
exposed	3.24293
zonula	3.24293
zonule	3.24293
presentation	3.24293
moreover	3.24293
questionnaire	3.24293
intact	3.24293
provided	3.24293
dimensions	3.24293
recorded	3.24293
critical	3.24293
deficit	1.47302
transurethral	1.04229
moderate	3.24293
cephalosporin	3.24293
bloatedness	3.24293
scientific	3.24293
k562	3.24293
breastfeed	3.24293
anticlockwise	3.24293
ratios	3.24293
fractured	0.65288
mmol	3.24293
earlier	3.24293
comparison	3.24293
ol	3.24293
central	2.95646285714
enzymatic	3.24293
of	3.06258899705
disabilities	0.735595
discussed	3.24293
practical	3.24293
betatc3	3.24293
concentrations	3.24293
discusses	3.24293
antibody	3.24293
or	2.8969252381
enhancement	3.24293
formication	0.89435
pretransplantation	3.24293
aortic	2.15641727273
image	0.89435
propanone	3.24293
spinal	3.24293
involvement	3.24293
determine	3.24293
gomez	3.24293
intervention	3.24293
area	2.33448428571
there	3.24293
hepatosplenomegaly	0.80224
detectable	3.24293
low	2.276964
cultures	3.24293
sonographic	1.47302
delayed	0.89435
principles	3.24293
follicular	1.31611333333
posterior	3.08202909091
lymph	3.24293
clones	3.24293
mice	3.24293
with	3.202928
october	3.24293
improved	3.24293
circulation	1.47302
equinatoxin	3.24293
aneurysm	1.05328
trigeminal	3.24293
palate	3.24293
lactobacillus	3.24293
contralateral	2.298416
rvh	0.70951
avian	3.24293
deep	3.24293
an	3.0954375
immunoprecipitation	3.24293
examine	3.24293
hypertension	1.89334875
inulin	1.47302
laboratory	3.24293
tibial	3.24293
pmol	3.24293
assessing	3.24293
yoga	3.24293
ideally	3.24293
administered	3.24293
ctct	3.24293
hygienists	3.24293
igg	2.357975
field	3.24293
valid	3.24293
5	3.24293
iga	2.357975
you	3.24293
immunity	1.47302
poor	2.002305
briefly	3.24293
separate	3.24293
students	3.24293
important	3.24293
peak	1.47302
included	3.24293
unresponsive	3.24293
insertions	3.24293
bilateral	0.64801
mimic	3.24293
inhibited	3.24293
mass	1.23766
electrophoretypes	3.24293
sensibility	1.47302
oral	3.24293
original	3.24293
represent	3.24293
all	3.24293
chinese	3.24293
surgical	3.24293
systemic	1.9840275
varices	1.10292
follow	3.24293
meditation	3.24293
children	3.24293
polarity	3.24293
to	3.04993755556
program	3.24293
28100	3.24293
dominated	3.24293
nodes	3.24293
cytokinesis	3.24293
endogenous	3.24293
cdna	3.24293
conus	3.24293
activities	3.24293
very	3.24293
apoptosis	3.24293
fat	1.47302
parry	3.24293
vera	3.24293
interpreting	3.24293
candida	0.76168
salmonella	3.24293
difference	1.47302
capillary	3.24293
condition	2.52959333333
motor	1.23766
induced	3.24293
neurocutaneous	1.47302
deficient	2.357975
list	3.24293
applicable	3.24293
large	1.971106
glaucomatous	0.89435
small	3.24293
reimplantation	3.24293
pyrroline	3.24293
198	3.24293
ten	3.24293
cerebrovascular	3.24293
headspace	3.24293
rate	1.47302
design	3.24293
perspective	3.24293
functioning	2.46007
abe	3.24293
palatal	3.24293
lactamase	3.24293
emotions	3.24293
endothelin	3.24293
excitatory	3.24293
learned	3.24293
electrocerebral	1.47302
method	3.24293
contrast	2.65296
movement	1.47302
diffusely	3.24293
component	3.24293
hours	3.24293
relaxation	1.47302
multiforme	0.74286
cirrhosis	0.70951
900	3.24293
thymidine	3.24293
experience	3.24293
prior	3.24293
infrequently	3.24293
base	3.24293
pick	3.24293
narrow	3.24293
via	3.24293
vasopressin	0.67399
extrapleural	0.68452
select	3.24293
hemiparesis	0.74286
two	3.24293
yilmaz	3.24293
6	3.24293
injury	1.10292
minor	0.74286
more	3.24293
volatiles	3.24293
site	3.24293
tested	3.24293
immunoreactive	3.24293
known	3.24293
producing	3.24293
commercially	3.24293
none	3.24293
toxins	3.24293
recall	2.06864
remain	3.24293
depleting	3.24293
strategies	3.24293
male	2.48439714286
tunicamycin	3.24293
history	3.24293
scan	3.24293
osteosarcoma	3.24293
suggestions	3.24293
scar	3.24293
species	2.002305
axis	1.47302
information	3.24293
drained	3.24293
breaking	3.24293
american	3.24293
occasionally	3.24293
hexanal	3.24293
bifidobacterium	3.24293
tried	3.24293
thickened	0.74286
derived	3.24293
reflect	3.24293
consequence	3.24293
blood	1.97870857143
plana	3.24293
evaluations	3.24293
response	3.24293
a	3.21510236486
short	3.24293
causation	3.24293
exhibited	3.24293
sonograms	3.24293
playing	1.47302
infant	3.24293
sphingomyelin	3.24293
developed	3.24293
oblique	3.24293
mucosa	3.24293
held	3.24293
paper	3.24293
through	2.8004525
existence	3.24293
its	2.99008571429
24	3.24293
25	3.24293
27	3.24293
20	3.24293
21	3.24293
22	3.24293
susceptible	3.24293
lateral	2.57623
nonviable	3.24293
neuropsychological	1.47302
symptoms	3.24293
absence	3.24293
microscopic	3.24293
disclosed	3.24293
pca	3.24293
might	3.24293
finer	3.24293
good	3.24293
food	3.24293
primary	2.95514666667
framework	3.24293
walls	3.24293
sphincter	3.24293
mansoni	3.24293
foot	3.24293
retroperitoneal	3.24293
association	3.24293
level	1.47302
obstetric	3.24293
radial	3.24293
found	3.24293
out	3.24293
referred	3.24293
reactions	1.47302
eqtii	3.24293
generation	1.47302
reduce	3.24293
investigated	3.24293
chorioangiomas	1.10292
measurement	3.24293
penicillin	3.24293
alcohol	3.24293
item	3.24293
since	3.24293
health	3.24293
inactivated	2.65296
7	3.24293
dysfunction	0.76168
evaluation	3.24293
occurs	3.24293
pneumothorax	0.74286
extraordinary	3.24293
pitfalls	3.24293
imaging	3.24293
stomach	1.47302
generate	3.24293
schistosomiasis	3.24293
diffused	3.24293
benefits	3.24293
running	3.24293
brainstem	2.240295
conducted	3.24293
yersinia	3.24293
hodgkin	3.24293
major	3.24293
explainable	3.24293
probability	3.24293
radical	3.24293
thereafter	3.24293
number	3.24293
enlarged	3.24293
hardening	3.24293
defects	3.24293
tlr4	3.24293
hemihyperhidrosis	0.74286
unexplained	3.24293
temperature	1.47302
leading	3.24293
threatening	3.24293
plexus	3.24293
majority	3.24293
hundred	3.24293
recovered	3.24293
conduit	3.24293
para	1.47302
needle	3.24293
immediate	1.47302
part	3.24293
cartridges	3.24293
authors	3.24293
b	2.65296
double	3.24293
ranging	3.24293
recording	3.24293
determined	3.24293
risks	3.24293
treated	3.24293
livers	3.24293
trimoxazole	3.24293
defect	0.70951
precipitating	3.24293
sentences	1.47302
concentration	3.24293
fetalis	0.76168
relationship	3.24293
cava	1.47302
onset	1.47302
also	3.24293
recognizing	3.24293
internal	3.24293
generalized	1.28797
finding	3.24293
donor	3.24293
stenosis	0.64801
toxoids	1.47302
abruption	0.80224
province	3.24293
play	3.24293
caliber	3.24293
electric	1.47302
bands	3.24293
most	3.24293
74	3.24293
71	3.24293
70	3.24293
alpha	2.65296
measured	3.24293
prostatic	3.24293
traditional	3.24293
phytohemagglutinin	3.24293
pars	3.24293
chorioamnionitis	0.80224
thomas	3.24293
islets	3.24293
disturbances	0.74286
cauda	3.24293
session	3.24293
malignant	0.65288
velvety	0.74286
murate	3.24293
fine	3.24293
venosus	1.23766
access	3.24293
giant	1.23766
parameters	1.47302
heavily	3.24293
hypoattenuation	1.47302
factor	3.24293
8	3.24293
hip	2.7079275
intractable	3.24293
biopsy	3.24293
haemostatic	1.188484
capsule	3.24293
breast	1.01264
during	2.947945
campylobacter	3.24293
inducible	3.24293
distraction	3.24293
progressive	2.50938333333
sources	3.24293
tumors	1.079
acellular	1.47302
common	3.24293
recommendations	3.24293
scanning	3.24293
set	3.24293
art	3.24293
aspect	3.24293
achieved	3.24293
pcdna3	3.24293
potent	3.24293
antiproliferative	3.24293
schizophrenic	3.24293
sec	3.24293
are	3.16866074074
close	3.24293
polymorphic	3.24293
thrombocytopenia	1.47302
matter	0.76168
macroscopic	1.47302
various	3.24293
vascular	2.57450666667
conditions	3.24293
available	3.24293
recently	3.24293
responses	1.47302
targeted	3.24293
rapid	3.24293
rarer	3.24293
both	2.8004525
c	2.66999571429
last	3.24293
density	0.76168
sensitive	2.04801714286
connection	3.24293
whole	1.9154975
pda	0.67399
cakes	3.24293
point	3.24293
reasons	3.24293
sky	0.89435
factitious	1.47302
manners	3.24293
hyperfiltration	0.89435
adaptation	3.24293
fibres	3.24293
thermophilus	3.24293
throughout	3.24293
[	1.23766
described	3.24293
create	3.24293
due	2.357975
strategy	3.24293
whom	3.24293
reduction	3.24293
dropping	0.89435
secific	3.24293
collected	3.24293
nephrectomy	3.24293
resting	3.24293
bulgaricus	3.24293
recalled	1.47302
compromised	3.24293
postglomerular	1.47302
plasmas	3.24293
extracted	3.24293
p1	1.47302
straight	1.01264
tip	1.47302
evaluated	3.24293
precursor	3.24293
while	3.24293
replaced	3.24293
ciliary	3.24293
binding	3.24293
occlusive	3.24293
rim	2.357975
urethra	3.24293
twofold	3.24293
cancers	1.23766
elevated	2.2133075
shorter	3.24293
benign	1.23766
deletion	3.24293
9	3.24293
products	3.24293
higher	3.24293
development	3.24293
used	3.24293
temporary	3.24293
painless	1.01264
usually	3.24293
001	3.24293
000	3.24293
purpose	3.24293
mesothelioma	3.24293
immunofluorescence	3.24293
focal	1.23590666667
recent	3.24293
lower	1.79664666667
isotype	2.357975
transcatheter	3.24293
analysis	3.24293
entry	3.24293
ultrasound	3.24293
prevention	3.24293
breastfeeding	3.24293
intrarenal	3.24293
abilities	3.24293
hypothesized	3.24293
reviewed	3.24293
atomic	3.24293
questions	2.8004525
hemolytic	0.70951
alternative	3.24293
constrictor	3.24293
injuries	1.309575
globin	3.24293
superficial	3.24293
illusions	0.89435
conclusions	3.24293
lysenin	3.24293
exclusively	3.24293
signals	3.24293
location	1.47302
relevance	3.24293
associations	3.24293
australia	3.24293
emergency	3.24293
evaluate	3.24293
interestingly	3.24293
consensus	3.24293
individuals	3.24293
yields	3.24293
eeg	2.59932636364
disorder	2.240295
essential	3.24293
valleys	3.24293
methods	3.24293
some	3.24293
electroencephalogram	3.24293
towards	3.24293
echocardiographical	3.24293
pronounced	3.24293
gradually	3.24293
scale	3.24293
glycosylation	3.24293
pet	3.24293
decision	3.24293
measurements	3.24293
venereum	3.24293
per	3.24293
retro	3.24293
scalp	3.24293
be	3.24293
patient	3.24293
enterocolitica	3.24293
300	3.24293
processing	2.841876
step	3.24293
bp	3.24293
cefaclor	3.24293
relating	3.24293
by	3.15736965517
vaccine	1.47302
graft	3.24293
glaucoma	2.240295
""""	3.24293
graduation	3.24293
leukaemia	3.24293
unintentional	3.24293
range	3.24293
chorioangioma	1.10292
therapeutic	3.24293
silence	1.47302
anterior	3.24293
repair	3.24293
significant	3.24293
abusive	2.52959333333
within	3.24293
parton	3.24293
contributor	3.24293
thrombophilias	1.47302
subcellular	3.24293
eegs	3.24293
long	3.24293
tcac	3.24293
infected	3.24293
myoclonus	0.70951
albumin	2.06299
registered	3.24293
polio	1.47302
reiterated	3.24293
quiescent	3.24293
injection	3.24293
intestines	3.24293
rejection	3.24293
skull	3.24293
rnas	3.24293
up	3.24293
rnai	3.24293
horner	3.24293
highlight	3.24293
similar	3.24293
storing	3.24293
associated	3.24293
adults	3.24293
lys	3.24293
m	3.24293
tomography	3.24293
as	3.24293
hemodynamic	3.24293
amounts	1.47302
entity	3.24293
application	3.24293
branhamella	3.24293
department	3.24293
users	3.24293
developmental	1.57137333333
endocrine	1.35534
calcifications	3.24293
prepared	3.24293
glomerular	1.63658833333
generated	2.7416125
allowing	3.24293
suppression	3.24293
fossa	2.357975
structure	3.24293
lymphoma	2.57450666667
correlated	3.24293
e	3.24293
valved	3.24293
age	3.24293
required	3.24293
syringomyelia	1.47302
presenting	3.24293
at	3.24293
requires	3.24293
having	3.24293
partial	3.24293
tetralogy	3.24293
illustrates	3.24293
results	3.24293
gg	3.24293
gc	3.24293
ga	1.47302
tumours	0.74286
rigidity	1.10292
hepatosplenic	3.24293
monomer	3.24293
haemophillus	1.47302
stably	3.24293
young	3.24293
radiological	3.24293
stable	3.24293
include	3.24293
random	3.24293
assay	3.24293
iliac	1.23766
periorbital	3.24293
wave	1.47302
inhibiting	3.24293
electron	3.24293
matsuda	3.24293
promise	3.24293
artery	1.53141
continued	3.24293
targeting	3.24293
shock	1.47302
fewer	1.47302
noted	3.24293
hullin	3.24293
smaller	3.24293
bleeding	2.357975
antigen	1.89604142857
sensation	0.773615
fold	3.24293
acid	1.47302
depression	1.10292
plays	3.24293
apparatus	3.24293
methylpyrazine	3.24293
hereditary	3.24293
cell	3.05195190476
evoked	2.06299
indian	3.24293
volatile	3.24293
sixth	3.24293
;	3.24293
exercise	3.24293
rhamnosus	3.24293
body	0.89435
proliferation	3.24293
led	3.24293
degree	3.24293
respectively	3.24293
sutures	3.24293
catheterization	3.24293
preeclampsia	0.80224
38	3.24293
respiration	1.47302
cts	3.24293
32	3.24293
30	3.24293
suggests	3.24293
preferentially	3.24293
resulting	3.24293
gene	3.24293
untranslated	3.24293
outcomes	3.24293
anomalies	0.888346666667
clockwise	1.47302
apd	1.23766
standing	2.46007
use	3.24293
from	3.24293
remains	3.24293
few	3.24293
doubt	3.24293
examination	3.24293
secretions	3.24293
on	3.14460166667
trait	1.75607
congestive	1.47302
infection	1.47302
methylbutanal	3.24293
transient	2.57450666667
normalized	3.24293
rabbit	3.24293
nonreactive	1.47302
baby	3.24293
resection	1.04229
practicing	3.24293
f	3.24293
this	3.1876203125
taguchi	3.24293
urethral	1.10292
crossed	3.24293
metastases	0.67399
control	3.24293
do	3.24293
hyperpigmented	0.68452
high	2.73724142857
pulling	3.24293
bones	3.24293
tumor	1.01993
syndrome	3.24293
scarring	1.47302
africans	3.24293
occipital	3.24293
delay	3.24293
venous	3.24293
palates	3.24293
lesion	0.725125
leukemia	3.24293
collection	1.47302
abuse	1.10292
fatigue	0.76168
demonstrating	3.24293
marrow	1.47302
yielded	3.24293
prostate	1.655735
monoxide	3.24293
ambiguous	3.24293
volunteers	3.24293
six	3.24293
produces	3.24293
phalanges	0.65288
sydenham	3.24293
including	3.24293
138	3.24293
operative	3.24293
superior	3.24293
longitudinal	2.65296
labor	0.80224
thrombocythemia	1.10292
permanent	3.24293
covered	3.24293
histological	3.24293
2010	3.24293
2012	3.24293
physicians	3.24293
greater	3.24293
frontal	1.28797
outlined	3.24293
practice	3.24293
fallot	3.24293
cystostomy	3.24293
p17	3.24293
front	3.24293
rotation	1.47302
mmhg	3.24293
furnace	3.24293
profound	3.24293
university	3.24293
countries	3.24293
identified	3.24293
sufficiently	3.24293
bicuspid	1.04229
experienced	3.24293
homogeneous	3.24293
micrograms	3.24293
radiographic	3.24293
related	2.357975
frequency	2.357975
nondeletional	3.24293
measure	3.24293
82	3.24293
83	3.24293
85	3.24293
category	3.24293
'	3.24293
cerebral	1.33326166667
valve	1.77583666667
electronics	3.24293
cause	3.24293
red	3.24293
pathophysiological	3.24293
immunohistochemistry	3.24293
activity	2.82648058824
approaches	3.24293
usual	3.24293
regulatory	3.24293
interaction	3.24293
g	3.24293
could	3.24293
times	3.24293
length	3.24293
electroencephalographic	3.24293
derivations	3.24293
facilitate	3.24293
south	3.24293
arterial	0.906215
widely	3.24293
itching	0.65288
saci	3.24293
threadwire	3.24293
improving	3.24293
placental	1.02775
calcaneum	3.24293
reached	3.24293
quality	3.24293
endemic	3.24293
promoter	3.24293
management	3.24293
publication	3.24293
data	3.24293
sep	3.24293
system	3.24293
relations	3.24293
their	3.24293
basilar	1.04229
wrapped	1.47302
chemotherapy	3.24293
final	3.24293
circulate	3.24293
staphylococci	3.24293
academy	3.24293
completed	3.24293
environmental	3.24293
manifestation	3.24293
lobe	0.67399
congenital	3.24293
observed	3.24293
ureteral	3.24293
isolation	3.24293
aspiration	3.24293
hemiplegia	3.24293
patients	2.99710916667
amplitude	1.47302
pertussis	0.80224
descriptions	3.24293
postanoxic	0.70951
methicillin	3.24293
delineated	3.24293
have	3.24293
need	3.24293
demonstration	3.24293
clearly	3.24293
angle	3.24293
57	3.24293
min	2.357975
caval	2.357975
screen	3.24293
able	3.24293
septal	0.70951
alterna	3.24293
which	3.24293
intraclass	3.24293
persistence	3.24293
accuracy	3.24293
firefly	3.24293
who	3.24293
connected	1.47302
cloned	3.24293
intrinsic	1.47302
dorsal	3.24293
volume	2.357975
reapproximation	3.24293
placement	3.24293
inappropriate	3.24293
hydrocephalus	1.47302
disease	3.24293
face	3.24293
isotypes	2.357975
mechanical	3.24293
impression	1.04229
selection	3.24293
deviation	3.24293
answered	1.47302
supported	3.24293
rotating	3.24293
fear	3.24293
principal	3.24293
antiserum	3.24293
based	3.24293
knowledge	3.24293
mucinosis	1.23766
noteworthy	3.24293
subperiosteal	1.7389775
controls	3.24293
should	3.24293
terminal	3.24293
unheated	3.24293
inferior	2.06299
peptide	3.24293
hindiii	3.24293
epidermoid	3.24293
likert	3.24293
biosynthetic	3.24293
pathophysiology	3.24293
joint	3.24293
datasets	3.24293
words	1.47302
sinus	1.23766
procedures	3.24293
areas	2.41584666667
processes	3.24293
course	3.24293
h	3.24293
nosography	3.24293
thalamic	3.24293
qi	1.47302
levoatrial	1.04977
computed	3.24293
national	3.24293
correlations	3.24293
we	3.24293
freeze	3.24293
p24	3.24293
p27	3.24293
p21	3.24293
enhanced	1.47302
electrode	3.24293
creating	3.24293
pattern	1.9154975
distractor	3.24293
state	3.24293
difficulties	3.24293
identification	3.24293
correctly	1.47302
membrane	3.00066588235
antituberculous	3.24293
kidneys	2.357975
comparable	3.24293
importance	3.24293
streptococci	3.24293
renovascular	0.70951
neonatal	3.24293
efficiency	3.24293
preglomerular	1.47302
key	3.24293
problem	3.24293
deficits	1.47302
drug	3.24293
subthalamic	3.24293
strains	3.24293
transplantation	3.24293
estimation	3.24293
sequenced	3.24293
inflammatory	1.10292
co	3.24293
cm	3.24293
colonisation	0.76168
doxycycline	3.24293
vena	2.06299
pulmonary	1.24942666667
ct	3.24293
asphyxia	1.47302
addition	3.24293
validating	3.24293
genetic	1.04229
outflow	1.47302
treat	3.24293
enlarging	0.67399
anomaly	3.24293
define	3.24293
describe	3.24293
controlled	3.24293
dimethylpyrazine	3.24293
sufficient	3.24293
clusters	3.24293
granulomatous	1.47302
gross	1.01264
general	3.24293
present	3.24293
novel	3.24293
appearance	3.24293
sphingolipidosis	1.23766
value	3.24293
plicata	3.24293
will	3.24293
extracts	3.24293
periods	3.24293
mutant	3.24293
molecular	3.24293
thus	3.24293
surprisingly	3.24293
surface	3.24293
monospecific	3.24293
recipients	3.24293
cross	3.24293
parts	3.24293
infarction	0.868661666667
difficult	3.24293
intravascular	1.01264
anterolateral	3.24293
frequently	3.24293
judgment	3.24293
diabetes	3.24293
polymorphism	3.24293
off	0.89435
p11	3.24293
i	3.24293
well	3.24293
patterns	3.24293
tenax	3.24293
diphtheria	1.47302
comparisons	3.24293
fetal	1.701895
orthopaedic	2.814928
increasingly	3.24293
not	3.10678307692
sarcoidosis	1.23766
purified	3.24293
ampicillin	3.24293
conjugates	3.24293
tight	3.24293
absorption	3.24293
ureteroureterostomy	3.24293
ectopic	3.24293
golgi	3.24293
arrest	2.39845666667
c18	3.24293
attractive	3.24293
stakeholders	3.24293
resolved	3.24293
tests	3.24293
cuneiform	3.24293
increased	1.47302
furfural	3.24293
five	3.24293
facial	2.37612333333
sequencing	3.24293
loss	1.47302
necessary	3.24293
like	2.52959333333
admitted	3.24293
become	3.24293
lymphogranuloma	3.24293
replacement	3.24293
polyhydramnios	0.80224
because	3.24293
sequence	3.24293
phenomena	2.240295
library	3.24293
growth	2.8004525
sphingolipid	3.24293
choosing	3.24293
recommendation	3.24293
supportive	3.24293
recognition	3.24293
lead	2.23155285714
broad	1.47302
bursts	1.47302
mutation	3.24293
octen	3.24293
demonstrated	3.24293
noise	3.24293
lipid	3.24293
analysed	3.24293
paediatric	3.24293
pressure	2.06299
although	3.24293
fluorescent	3.24293
p31	3.24293
stage	0.74286
gained	3.24293
about	3.24293
rare	3.24293
carried	3.24293
hydrops	0.78196
myeloid	3.24293
previously	3.24293
homogenates	3.24293
assess	3.24293
chronic	2.58645571429
lung	2.90871833333
female	2.534966
1986	3.24293
terminated	3.24293
additional	3.24293
adolescent	3.24293
1988	3.24293
1989	3.24293
polycythemia	2.06864
describes	3.24293
rcc	1.23766
function	2.180984
urothelial	1.23766
stomatitis	0.65288
north	3.24293
hr	3.24293
but	3.24293
intracranial	3.24293
immunologically	3.24293
repeated	3.24293
lowered	1.47302
clinically	3.24293
hf	2.57921375
made	3.24293
acetyl	3.24293
whether	3.24293
cells	3.10678307692
variations	3.24293
ligamentous	3.24293
graphite	3.24293
infants	3.24293
demonstrate	3.24293
distribution	3.24293
spectrometry	3.24293
minutes	3.24293
recognize	3.24293
tissues	1.10292
slowing	3.24293
persistent	3.24293
disinhibition	3.24293
lobes	2.002305
epithelial	3.24293
hematological	1.4881825
suprapubic	3.24293
compared	3.24293
variety	3.24293
42	3.24293
43	3.24293
40	3.24293
other	3.24293
hematuria	3.24293
conclusion	3.24293
traumatic	1.10292
hageman	3.24293
enlargement	0.89435
pathways	3.24293
vein	1.79731571429
opened	3.24293
designers	3.24293
pseudokidney	0.80224
dysphasia	1.47302
lasted	3.24293
diagnosis	3.24293
rural	3.24293
silica	3.24293
ischaemic	1.47302
liver	1.611766
