Word	P(None)	P(Phenotype)
iatrogenic	1.0	0.0
systematic	1.0	0.0
limited	1.0	0.0
magnetic	1.0	0.0
hinshawii	1.0	0.0
dynamic	1.0	0.0
plasmids	1.0	0.0
four	1.0	0.0
circuitry	1.0	0.0
controversial	1.0	0.0
consists	1.0	0.0
tonsillar	1.0	0.0
biopotential	1.0	0.0
localized	1.0	0.0
poorly	0.98634	0.01366
coarctation	6e-05	0.99994
physiological	0.99998	2e-05
intron	1.0	0.0
disability	0.79085	0.20915
rostral	1.0	0.0
vinylguaiacol	1.0	0.0
endings	1.0	0.0
presents	1.0	0.0
numbness	0.0	1.0
mental	0.84184	0.15816
under	0.99994	6e-05
alternating	1.0	0.0
vaso	1.0	0.0
hypertensive	0.95902	0.04098
cardiomegaly	6e-05	0.99994
activation	1.0	0.0
upstream	1.0	0.0
experimentally	1.0	0.0
bringing	1.0	0.0
anemia	0.78934	0.21066
differentiated	1.0	0.0
pooled	1.0	0.0
progression	1.0	0.0
supports	1.0	0.0
vector	1.0	0.0
cholesterol	1.0	0.0
enhance	1.0	0.0
shows	1.0	0.0
luciferase	1.0	0.0
infancy	1.0	0.0
japanese	1.0	0.0
second	1.0	0.0
estimated	1.0	0.0
blue	1.0	0.0
established	1.0	0.0
filtration	0.99994	6e-05
trapping	1.0	0.0
organisms	1.0	0.0
excised	1.0	0.0
selected	1.0	0.0
consequent	1.0	0.0
unreality	0.95902	0.04098
qigong	1.0	0.0
new	1.0	0.0
increasing	1.0	0.0
arthroscopy	1.0	0.0
mechanisms	1.0	0.0
never	1.0	0.0
kindred	1.0	0.0
here	1.0	0.0
reported	1.0	0.0
china	1.0	0.0
endoscopic	1.0	0.0
represented	1.0	0.0
100	1.0	0.0
101	1.0	0.0
107	1.0	0.0
obtained	1.0	0.0
apical	1.0	0.0
kids	1.0	0.0
allele	1.0	0.0
forum	1.0	0.0
glycolipids	1.0	0.0
items	1.0	0.0
study	1.0	0.0
changed	1.0	0.0
completely	1.0	0.0
reports	1.0	0.0
controversy	1.0	0.0
etiology	1.0	0.0
transfected	1.0	0.0
changes	0.999818333333	0.000181666666667
interferon	1.0	0.0
campaign	1.0	0.0
treatment	0.99998	2e-05
highly	1.0	0.0
psychological	0.999656666667	0.000343333333333
atrium	0.99994	6e-05
total	1.0	0.0
kobayashi	1.0	0.0
derivatives	1.0	0.0
would	1.0	0.0
osteoma	0.99903	0.00097
hospital	1.0	0.0
microdilution	1.0	0.0
negative	1.0	0.0
subgrouped	1.0	0.0
leaks	1.0	0.0
therefore	1.0	0.0
m2	1.0	0.0
type	0.999985	1.5e-05
until	1.0	0.0
butanone	1.0	0.0
aware	1.0	0.0
99	1.0	0.0
reversible	0.99556	0.00444
adult	1.0	0.0
91	1.0	0.0
microbiologically	1.0	0.0
blocking	1.0	0.0
68ga	0.95902	0.04098
1990	1.0	0.0
word	1.0	0.0
mm	1.0	0.0
ml	1.0	0.0
work	1.0	0.0
mammalian	1.0	0.0
itself	1.0	0.0
ms	1.0	0.0
root	1.0	0.0
unilateral	0.99903	0.00097
indicated	1.0	0.0
hemoglobin	1.0	0.0
hippurate	0.99994	6e-05
confocal	1.0	0.0
risk	1.0	0.0
end	1.0	0.0
provide	1.0	0.0
niemann	1.0	0.0
damage	0.99771	0.00229
far	1.0	0.0
clubbing	0.26449	0.73551
significance	1.0	0.0
pentanol	1.0	0.0
iiib	0.84184	0.15816
eyeballs	1.0	0.0
description	1.0	0.0
less	1.0	0.0
after	0.999996	4e-06
containing	0.999985	1.5e-05
midbrain	1.0	0.0
parallel	1.0	0.0
types	1.0	0.0
childhood	1.0	0.0
perform	1.0	0.0
checkerboard	1.0	0.0
upside	0.95902	0.04098
correlation	1.0	0.0
order	1.0	0.0
restriction	6e-05	0.99994
amplifying	1.0	0.0
zen	1.0	0.0
affect	1.0	0.0
responsive	1.0	0.0
before	1.0	0.0
cll	1.0	0.0
lps	1.0	0.0
auditory	0.999676666667	0.000323333333333
clearances	0.99994	6e-05
better	1.0	0.0
402	1.0	0.0
distal	0.99998	2e-05
easier	1.0	0.0
phenotype	1.0	0.0
maximal	1.0	0.0
then	1.0	0.0
diseases	1.0	0.0
combination	1.0	0.0
fixation	1.0	0.0
safe	1.0	0.0
neurological	6e-05	0.99994
band	0.7511	0.2489
hypoxia	6e-05	0.99994
therapy	1.0	0.0
effects	0.999794	0.000206
they	1.0	0.0
mimicking	1.0	0.0
structural	1.0	0.0
probiotic	1.0	0.0
sids	1.0	0.0
arrested	1.0	0.0
l	1.0	0.0
stimulus	0.9890275	0.0109725
each	1.0	0.0
interfering	1.0	0.0
side	0.911513333333	0.0884866666667
bone	0.999676666667	0.000323333333333
mean	0.99998	2e-05
series	1.0	0.0
displacement	0.99994	6e-05
attenuation	0.95902	0.04098
webbed	1.0	0.0
extract	1.0	0.0
peaks	1.0	0.0
rv	0.873216	0.126784
gradient	0.99994	6e-05
thrombin	0.99994	6e-05
tonsil	0.632245	0.367755
crucial	1.0	0.0
content	1.0	0.0
medicine	1.0	0.0
arizona	1.0	0.0
ascending	0.12582	0.87418
frontoparietal	0.86537	0.13463
mistaking	1.0	0.0
popliteal	1.0	0.0
mononuclear	1.0	0.0
rubra	1.0	0.0
equina	1.0	0.0
exposing	1.0	0.0
created	1.0	0.0
denture	0.99506	0.00494
days	1.0	0.0
creates	1.0	0.0
levels	0.99997	3e-05
features	1.0	0.0
grade	1.0	0.0
vitro	1.0	0.0
hearing	1.0	0.0
electronic	1.0	0.0
170	1.0	0.0
seizures	0.859236666667	0.140763333333
olds	1.0	0.0
rated	1.0	0.0
neuromuscular	1.0	0.0
xii	1.0	0.0
hemodynamics	1.0	0.0
approximately	1.0	0.0
confirming	1.0	0.0
rates	0.99994	6e-05
observations	1.0	0.0
suppressive	1.0	0.0
myelomonocytic	1.0	0.0
remote	1.0	0.0
dilated	0.5598325	0.4401675
intestine	0.99994	6e-05
serve	1.0	0.0
ankle	0.9511	0.0489
western	1.0	0.0
target	1.0	0.0
showed	1.0	0.0
likely	1.0	0.0
binds	1.0	0.0
prone	1.0	0.0
acquisition	1.0	0.0
plasmin	0.99994	6e-05
membranes	1.0	0.0
dyns	1.0	0.0
relatively	1.0	0.0
psma	0.99994	6e-05
isolated	0.999353333333	0.000646666666667
indexes	1.0	0.0
chest	6e-05	0.99994
subjects	1.0	0.0
shelf	1.0	0.0
isolates	1.0	0.0
mutants	1.0	0.0
tibia	1.0	0.0
memory	0.99994	6e-05
checkerboards	1.0	0.0
it	1.0	0.0
anatomy	1.0	0.0
involving	1.0	0.0
carcinoma	0.99797625	0.00202375
immunological	1.0	0.0
observation	1.0	0.0
flow	0.999955	4.5e-05
pathohistologic	1.0	0.0
points	1.0	0.0
sphingomyelinase	0.99994	6e-05
advisory	1.0	0.0
basolateral	1.0	0.0
manipulation	1.0	0.0
ipsilateral	1.0	0.0
papillary	0.73551	0.26449
availability	1.0	0.0
representing	1.0	0.0
minnesota	1.0	0.0
hemiatrophy	0.84513	0.15487
judged	0.99994	6e-05
rice	1.0	0.0
wearing	0.99997	3e-05
desorption	1.0	0.0
dl	1.0	0.0
wide	1.0	0.0
haemophilus	1.0	0.0
degradation	1.0	0.0
aetiology	1.0	0.0
yfp	1.0	0.0
reversal	0.99994	6e-05
despite	1.0	0.0
report	1.0	0.0
aroma	1.0	0.0
emg	0.99994	6e-05
abdominal	0.99903	0.00097
microscopy	1.0	0.0
public	1.0	0.0
release	0.2934	0.7066
implication	1.0	0.0
electrodes	1.0	0.0
clarified	1.0	0.0
peripheral	1.0	0.0
testing	1.0	0.0
unexpectedly	1.0	0.0
cytoplasmic	1.0	0.0
result	1.0	0.0
techniques	1.0	0.0
capacity	1.0	0.0
04	1.0	0.0
05	1.0	0.0
targets	1.0	0.0
protected	1.0	0.0
finger	0.99994	6e-05
365	1.0	0.0
ocular	0.239755	0.760245
assays	1.0	0.0
nature	1.0	0.0
inaba	1.0	0.0
however	1.0	0.0
carbon	1.0	0.0
linkage	1.0	0.0
atrial	0.78934	0.21066
uncrossed	1.0	0.0
myoclonic	0.13463	0.86537
store	1.0	0.0
disinserting	1.0	0.0
amoxicillin	1.0	0.0
uncertainty	1.0	0.0
heating	1.0	0.0
against	1.0	0.0
ventricular	0.85954	0.14046
pre	0.5	0.5
somatosensory	1.0	0.0
appeared	1.0	0.0
seizure	0.15816	0.84184
advancement	1.0	0.0
active	1.0	0.0
hygiene	0.9663425	0.0336575
cannulation	1.0	0.0
250	1.0	0.0
evidences	1.0	0.0
presumable	1.0	0.0
recognises	1.0	0.0
three	1.0	0.0
been	1.0	0.0
empyema	6e-05	0.99994
expected	1.0	0.0
entered	1.0	0.0
lactis	1.0	0.0
issignificantly	1.0	0.0
dry	1.0	0.0
life	1.0	0.0
efficacy	1.0	0.0
bladder	0.940402	0.059598
uncommon	1.0	0.0
strictures	0.99548	0.00452
erythema	0.15816	0.84184
child	0.99548	0.00452
guttentag	1.0	0.0
calcified	0.86537	0.13463
inhibit	1.0	0.0
say	1.0	0.0
n	1.0	0.0
aim	1.0	0.0
abrupt	0.99994	6e-05
precede	1.0	0.0
procedure	1.0	0.0
seven	1.0	0.0
equator	1.0	0.0
reproducibility	1.0	0.0
broth	1.0	0.0
ureter	0.995896666667	0.00410333333333
perinatal	0.9997575	0.0002425
ii	1.0	0.0
elicit	1.0	0.0
tissue	0.6195	0.3805
hygienist	1.0	0.0
in	0.995800546448	0.00419945355191
comparative	1.0	0.0
if	1.0	0.0
confirmed	1.0	0.0
severity	1.0	0.0
romberg	1.0	0.0
patent	0.541255	0.458745
suggest	1.0	0.0
recurrent	0.73551	0.26449
linked	1.0	0.0
complex	1.0	0.0
potentially	1.0	0.0
split	0.99998	2e-05
big	1.0	0.0
several	1.0	0.0
independent	1.0	0.0
myocardial	0.894185	0.105815
syncopal	0.0	1.0
osteotomy	1.0	0.0
hand	1.0	0.0
potentials	1.0	0.0
myelomatosis	1.0	0.0
cycle	1.0	0.0
allografts	1.0	0.0
constriction	0.95902	0.04098
episodic	0.00452	0.99548
stimuli	1.0	0.0
failing	0.99548	0.00452
disseminated	0.98769	0.01231
radioimmunoassay	1.0	0.0
squamous	1.0	0.0
contact	1.0	0.0
mother	1.0	0.0
the	0.994265234375	0.005734765625
left	0.714614285714	0.285385714286
seasonal	1.0	0.0
birth	0.62409	0.37591
identify	1.0	0.0
human	1.0	0.0
yet	1.0	0.0
succeeding	1.0	0.0
previous	1.0	0.0
thyroid	0.5	0.5
visualization	1.0	0.0
arai	1.0	0.0
nonprimate	1.0	0.0
candidate	1.0	0.0
similarities	1.0	0.0
had	1.0	0.0
pathognomonic	1.0	0.0
percutaneous	1.0	0.0
neoplasm	0.78934	0.21066
easy	1.0	0.0
hemisensory	6e-05	0.99994
has	1.0	0.0
plasma	0.99998	2e-05
gave	1.0	0.0
elevation	1.0	0.0
africa	1.0	0.0
rna	1.0	0.0
possible	1.0	0.0
audiology	1.0	0.0
background	1.0	0.0
clustered	1.0	0.0
cape	1.0	0.0
potassium	1.0	0.0
unique	1.0	0.0
advanced	1.0	0.0
occurring	1.0	0.0
precise	1.0	0.0
54	1.0	0.0
occlusion	0.710036666667	0.289963333333
50	1.0	0.0
specific	0.992367272727	0.00763272727273
vibrometry	1.0	0.0
signal	1.0	0.0
beneficial	1.0	0.0
right	0.778149166667	0.221850833333
old	1.0	0.0
insulinoma	0.13463	0.86537
multiple	1.0	0.0
psychogenic	0.99903	0.00097
separately	1.0	0.0
for	1.0	0.0
contributing	1.0	0.0
unit	1.0	0.0
lymphadenectomy	1.0	0.0
cortical	1.0	0.0
participation	0.99997	3e-05
cord	1.0	0.0
insipidus	1.0	0.0
jejuni	1.0	0.0
dental	1.0	0.0
metastatic	0.991773333333	0.00822666666667
coexisted	1.0	0.0
midbody	1.0	0.0
lentiviral	1.0	0.0
attacks	0.0	1.0
months	1.0	0.0
anomalous	1.0	0.0
o	1.0	0.0
influenzae	0.99997	3e-05
eight	1.0	0.0
nerve	0.807675555556	0.192324444444
raised	0.99994	6e-05
leukemias	1.0	0.0
tetanus	0.99994	6e-05
presence	1.0	0.0
formulae	1.0	0.0
intellectual	1.0	0.0
down	0.95902	0.04098
loin	0.00452	0.99548
reducing	1.0	0.0
malignancies	0.9936025	0.0063975
often	1.0	0.0
existed	1.0	0.0
vaccination	1.0	0.0
]	0.99903	0.00097
support	1.0	0.0
initial	1.0	0.0
clinical	1.0	0.0
fraction	1.0	0.0
resulted	1.0	0.0
was	0.9999925	7.5e-06
metabolism	0.99994	6e-05
questionable	1.0	0.0
head	0.807605	0.192395
form	1.0	0.0
decadienal	1.0	0.0
differences	1.0	0.0
analyse	1.0	0.0
failure	0.59290625	0.40709375
heat	1.0	0.0
incorporation	1.0	0.0
sustained	1.0	0.0
225	1.0	0.0
222	1.0	0.0
renal	0.96591	0.03409
hypoplastic	6e-05	0.99994
responding	1.0	0.0
devices	1.0	0.0
complications	1.0	0.0
150	1.0	0.0
homonymous	0.0	1.0
classic	1.0	0.0
aorto	1.0	0.0
proven	1.0	0.0
evidence	1.0	0.0
acetoin	1.0	0.0
gland	0.5	0.5
floating	0.95902	0.04098
distributions	1.0	0.0
constructed	1.0	0.0
shigella	1.0	0.0
epidemiological	1.0	0.0
no	0.999988	1.2e-05
innervated	1.0	0.0
whereas	1.0	0.0
fitzgerald	0.98769	0.01231
handed	0.99994	6e-05
setting	1.0	0.0
role	1.0	0.0
digital	1.0	0.0
test	1.0	0.0
vegetative	1.0	0.0
vegetativa	1.0	0.0
node	1.0	0.0
picture	1.0	0.0
concurrent	1.0	0.0
cyanosis	0.198023333333	0.801976666667
rising	0.95902	0.04098
scores	1.0	0.0
cleaves	1.0	0.0
died	1.0	0.0
longer	1.0	0.0
together	1.0	0.0
time	0.99998	2e-05
serious	1.0	0.0
urinary	0.991625	0.008375
concept	1.0	0.0
focus	1.0	0.0
mild	1.0	0.0
skin	0.729298333333	0.270701666667
abundant	1.0	0.0
spike	0.99994	6e-05
layers	1.0	0.0
depend	1.0	0.0
disorders	0.999806	0.000194
nineteen	1.0	0.0
technique	1.0	0.0
indolent	1.0	0.0
passage	1.0	0.0
0	1.0	0.0
paramedian	0.00452	0.99548
promoting	1.0	0.0
monocytes	1.0	0.0
postgraduation	1.0	0.0
acidophilus	1.0	0.0
protective	1.0	0.0
md	1.0	0.0
frequencies	1.0	0.0
respiratory	0.99994	6e-05
presented	1.0	0.0
did	1.0	0.0
dic	1.0	0.0
p	1.0	0.0
mucosal	1.0	0.0
eosinophilic	0.15816	0.84184
grafts	1.0	0.0
epidemiology	1.0	0.0
perceptual	0.99903	0.00097
accumulation	1.0	0.0
inconsistent	1.0	0.0
siga	0.99997	3e-05
upper	0.99994	6e-05
unexpected	1.0	0.0
occurrence	1.0	0.0
findings	1.0	0.0
cancellous	1.0	0.0
bacteria	1.0	0.0
spectral	0.99994	6e-05
streptococcus	1.0	0.0
sacral	1.0	0.0
representative	1.0	0.0
distension	1.0	0.0
current	1.0	0.0
international	1.0	0.0
falling	0.95902	0.04098
hairy	1.0	0.0
supporting	0.99994	6e-05
statistically	1.0	0.0
genes	1.0	0.0
water	1.0	0.0
catarrhalis	1.0	0.0
wais	1.0	0.0
along	0.99994	6e-05
polydipsia	0.78934	0.21066
change	1.0	0.0
healthy	1.0	0.0
shift	0.99996	4e-05
studied	1.0	0.0
commonly	1.0	0.0
hydrostatic	0.99994	6e-05
wupperthal	1.0	0.0
simultaneous	1.0	0.0
throughput	1.0	0.0
diagnosed	1.0	0.0
domains	1.0	0.0
resonance	1.0	0.0
studies	1.0	0.0
hydrodissection	1.0	0.0
subscales	1.0	0.0
tasks	1.0	0.0
problematic	1.0	0.0
parenchymal	0.0	1.0
tenseness	0.00888	0.99112
ureters	0.98769	0.01231
islet	1.0	0.0
transplant	1.0	0.0
sympathetic	0.99997	3e-05
positive	1.0	0.0
anatomical	0.99997	3e-05
scenarios	1.0	0.0
territories	1.0	0.0
chilliness	0.37591	0.62409
criteria	1.0	0.0
enriched	1.0	0.0
australian	1.0	0.0
ductus	0.541255	0.458745
visual	0.666626666667	0.333373333333
distractors	1.0	0.0
cases	1.0	0.0
indicates	1.0	0.0
cap	1.0	0.0
modified	1.0	0.0
inflamed	0.99548	0.00452
reviews	1.0	0.0
makino	1.0	0.0
can	1.0	0.0
following	0.999982857143	1.71428571429e-05
making	1.0	0.0
heart	0.850634285714	0.149365714286
neurosarcoidosis	0.99903	0.00097
multifactorial	1.0	0.0
schieber	1.0	0.0
spp	1.0	0.0
medullaris	1.0	0.0
stroke	0.99903	0.00097
performed	1.0	0.0
capsules	1.0	0.0
conversely	1.0	0.0
occur	1.0	0.0
dyspnoea	6e-05	0.99994
septic	1.0	0.0
secretory	0.99997	3e-05
warfarin	0.99994	6e-05
1	1.0	0.0
immune	0.99998	2e-05
cardinal	0.901553333333	0.0984466666667
pins	1.0	0.0
immuno	1.0	0.0
parameter	1.0	0.0
pathway	1.0	0.0
redundance	1.0	0.0
product	1.0	0.0
rigors	1.0	0.0
may	1.0	0.0
fueled	1.0	0.0
cardiac	0.8845175	0.1154825
such	1.0	0.0
misdiagnosed	1.0	0.0
revealed	1.0	0.0
folliculitis	0.578595	0.421405
man	1.0	0.0
natural	1.0	0.0
purification	1.0	0.0
fluent	0.00452	0.99548
branched	1.0	0.0
gamma	1.0	0.0
sm	1.0	0.0
dreamland	0.95902	0.04098
tbilisi	1.0	0.0
exclusive	1.0	0.0
shrna	1.0	0.0
considerations	1.0	0.0
mainly	1.0	0.0
years	1.0	0.0
stability	1.0	0.0
brain	0.99548	0.00452
pseudohallucination	0.95902	0.04098
still	1.0	0.0
blocked	1.0	0.0
group	1.0	0.0
thumb	0.99997	3e-05
how	1.0	0.0
duplex	0.993845	0.006155
reacting	1.0	0.0
lesions	0.047495	0.952505
osteoid	0.99903	0.00097
titers	1.0	0.0
sensitivity	1.0	0.0
schistosomes	0.99994	6e-05
main	1.0	0.0
uptake	0.99994	6e-05
into	1.0	0.0
non	0.851934285714	0.148065714286
neoplasms	0.99903	0.00097
thereby	1.0	0.0
exon	1.0	0.0
cuniform	1.0	0.0
infarcts	0.15816	0.84184
now	1.0	0.0
provision	1.0	0.0
discuss	1.0	0.0
pyrazine	1.0	0.0
possess	1.0	0.0
administer	1.0	0.0
term	1.0	0.0
arteriolar	0.943018	0.056982
coagulation	0.98769	0.01231
femoral	1.0	0.0
veins	0.99997	3e-05
instability	0.98769	0.01231
significantly	1.0	0.0
fistula	0.239693333333	0.760306666667
abnormal	0.26449	0.73551
temporo	1.0	0.0
year	1.0	0.0
phalanx	0.99997	3e-05
medications	1.0	0.0
stenotic	0.869048333333	0.130951666667
factory	1.0	0.0
perineum	1.0	0.0
increase	0.99994	6e-05
contained	1.0	0.0
investigation	1.0	0.0
trauma	0.758546666667	0.241453333333
suggesting	1.0	0.0
correct	1.0	0.0
esophageal	0.00452	0.99548
arthritis	1.0	0.0
pathogenic	1.0	0.0
million	1.0	0.0
electrophoretype	1.0	0.0
possibility	1.0	0.0
diagnostic	1.0	0.0
recordings	1.0	0.0
complicated	1.0	0.0
hpfh	1.0	0.0
training	1.0	0.0
language	1.0	0.0
transition	1.0	0.0
british	1.0	0.0
grifka	1.0	0.0
place	1.0	0.0
massive	1.0	0.0
swing	0.99994	6e-05
neglect	0.99548	0.00452
frequent	1.0	0.0
first	1.0	0.0
dimethyl	1.0	0.0
immunoelectron	1.0	0.0
one	1.0	0.0
psychophysiological	0.99994	6e-05
specifically	1.0	0.0
osteomas	0.99903	0.00097
open	1.0	0.0
calcific	0.09493	0.90507
malrotation	0.95902	0.04098
lens	1.0	0.0
anteriorly	0.99994	6e-05
stimulation	1.0	0.0
indicate	1.0	0.0
2	0.9999975	2.5e-06
adenocarcinoma	0.98769	0.01231
white	0.955123333333	0.0448766666667
structures	0.99994	6e-05
anderluh	1.0	0.0
eyes	1.0	0.0
pleurocutaneous	0.09493	0.90507
subsp	1.0	0.0
that	1.0	0.0
eliminates	1.0	0.0
gastroenteritis	0.99903	0.00097
tuberculomata	0.78934	0.21066
mtbi	1.0	0.0
than	0.99999	1e-05
coefficients	1.0	0.0
11	1.0	0.0
10	1.0	0.0
12	1.0	0.0
15	1.0	0.0
14	1.0	0.0
16	1.0	0.0
19	1.0	0.0
18	1.0	0.0
require	1.0	0.0
kishimoto	1.0	0.0
shunting	0.00888	0.99112
r	1.0	0.0
were	0.999998461538	1.53846153846e-06
and	0.999186181818	0.000813818181818
radioimmunoassays	1.0	0.0
ana	1.0	0.0
remained	1.0	0.0
cardiorespiratory	0.78934	0.21066
innominate	0.99994	6e-05
abnormalities	0.200978	0.799022
saw	1.0	0.0
any	1.0	0.0
conversion	1.0	0.0
efficient	1.0	0.0
papular	0.99903	0.00097
potential	0.9999775	2.25e-05
fracture	1.0	0.0
performance	1.0	0.0
aortotomy	1.0	0.0
28	1.0	0.0
201	1.0	0.0
pain	0.0448966666667	0.955103333333
normal	0.999994	6e-06
beta	1.0	0.0
furfuryl	1.0	0.0
tract	0.99997	3e-05
pair	1.0	0.0
knee	0.9969225	0.0030775
paget	1.0	0.0
inserted	1.0	0.0
probes	1.0	0.0
especially	1.0	0.0
shrnas	1.0	0.0
considered	1.0	0.0
later	1.0	0.0
infections	1.0	0.0
methanol	1.0	0.0
rotaviral	1.0	0.0
peptides	1.0	0.0
trafficking	1.0	0.0
dispersed	1.0	0.0
typically	1.0	0.0
ciliaris	1.0	0.0
obstructive	0.86727	0.13273
oncogenes	1.0	0.0
show	1.0	0.0
synchronous	0.7066	0.2934
fifty	1.0	0.0
fletcher	0.98769	0.01231
threshold	0.999976	2.4e-05
line	1.0	0.0
iq	0.99994	6e-05
transvesical	1.0	0.0
investigators	1.0	0.0
behind	1.0	0.0
only	1.0	0.0
black	1.0	0.0
over	1.0	0.0
absent	0.99998	2e-05
homogenate	1.0	0.0
affecting	1.0	0.0
clavulanate	1.0	0.0
primates	1.0	0.0
is	1.0	0.0
secondary	1.0	0.0
reveal	1.0	0.0
median	0.711523333333	0.288476666667
medial	1.0	0.0
across	1.0	0.0
hypothalamospinal	1.0	0.0
erythromycin	1.0	0.0
gianturco	1.0	0.0
relative	1.0	0.0
vivo	1.0	0.0
eliminating	1.0	0.0
surgery	1.0	0.0
enzymatically	1.0	0.0
inhibitory	1.0	0.0
compounds	1.0	0.0
review	1.0	0.0
circulating	1.0	0.0
vaccines	0.99997	3e-05
3	1.0	0.0
between	1.0	0.0
reproducible	1.0	0.0
dextroversion	0.96925	0.03075
ruptured	0.0	1.0
suppresses	1.0	0.0
originated	1.0	0.0
tur	1.0	0.0
ventroposterolateral	1.0	0.0
haematomesis	0.0	1.0
heterogeneous	1.0	0.0
coma	0.99994	6e-05
article	1.0	0.0
cervical	1.0	0.0
suppressed	1.0	0.0
soreness	0.37591	0.62409
isthmus	0.57908	0.42092
acquiring	1.0	0.0
warmness	0.99994	6e-05
region	1.0	0.0
enabling	1.0	0.0
propagation	1.0	0.0
s	1.0	0.0
hypothesis	1.0	0.0
expression	1.0	0.0
supraclavicular	0.5	0.5
among	1.0	0.0
filtering	1.0	0.0
cancer	0.999861428571	0.000138571428571
color	0.99996	4e-05
epileptic	0.99548	0.00452
period	1.0	0.0
innovations	1.0	0.0
60	1.0	0.0
occluder	1.0	0.0
stretched	1.0	0.0
learning	0.99997	3e-05
zonular	1.0	0.0
constant	0.99994	6e-05
considers	1.0	0.0
amino	0.99994	6e-05
considering	1.0	0.0
unusual	1.0	0.0
wearers	1.0	0.0
aorta	0.56288	0.43712
conceptualization	1.0	0.0
detected	0.99998	2e-05
jerks	0.13463	0.86537
tonsils	1.0	0.0
combined	0.99996	4e-05
500	1.0	0.0
systems	1.0	0.0
direction	1.0	0.0
formed	1.0	0.0
resistance	0.943018	0.056982
external	1.0	0.0
psychotherapy	1.0	0.0
bmy	1.0	0.0
nigricans	0.15816	0.84184
those	1.0	0.0
case	1.0	0.0
resides	1.0	0.0
these	1.0	0.0
acanthosis	0.15816	0.84184
premature	0.09493	0.90507
hypertrophy	0.13463	0.86537
trisulfide	1.0	0.0
pdsred	1.0	0.0
procoagulant	1.0	0.0
orientation	0.99998	2e-05
arteriosus	0.541255	0.458745
sleeping	1.0	0.0
regularity	1.0	0.0
sudden	1.0	0.0
proteolytic	1.0	0.0
spleens	1.0	0.0
protein	1.0	0.0
pericardium	1.0	0.0
creatinine	1.0	0.0
different	1.0	0.0
develop	1.0	0.0
coexisting	1.0	0.0
same	1.0	0.0
fragment	1.0	0.0
speech	1.0	0.0
kidney	0.920238	0.079762
otto	1.0	0.0
physical	0.968368	0.031632
events	1.0	0.0
unpolluted	1.0	0.0
lymphomas	1.0	0.0
sacrum	1.0	0.0
persons	1.0	0.0
diversion	0.99994	6e-05
pleura	0.99778	0.00222
reference	1.0	0.0
hydroxy	1.0	0.0
severe	1.0	0.0
without	0.99778	0.00222
relief	1.0	0.0
components	1.0	0.0
model	1.0	0.0
dimension	1.0	0.0
researchers	1.0	0.0
consisted	1.0	0.0
being	0.99998	2e-05
when	1.0	0.0
rest	1.0	0.0
clot	1.0	0.0
unclear	1.0	0.0
proximal	1.0	0.0
differentiation	1.0	0.0
flavor	1.0	0.0
speed	1.0	0.0
ethyl	1.0	0.0
death	0.918802	0.081198
staging	1.0	0.0
generator	1.0	0.0
seems	1.0	0.0
except	1.0	0.0
delbrueckii	1.0	0.0
improvement	1.0	0.0
wall	1.0	0.0
4	1.0	0.0
samples	1.0	0.0
electrical	0.99997	3e-05
aspects	1.0	0.0
around	0.99997	3e-05
haematuria	0.0	1.0
early	1.0	0.0
microangiopathic	0.78934	0.21066
using	1.0	0.0
sampling	1.0	0.0
lady	1.0	0.0
vanished	1.0	0.0
acute	0.796634	0.203366
ductal	0.99994	6e-05
malignancy	0.99336	0.00664
revaccination	0.99994	6e-05
t	1.0	0.0
neurologic	1.0	0.0
reduced	0.99997	3e-05
scored	1.0	0.0
satisfactory	1.0	0.0
exposed	1.0	0.0
zonula	1.0	0.0
zonule	1.0	0.0
presentation	1.0	0.0
moreover	1.0	0.0
questionnaire	1.0	0.0
intact	1.0	0.0
provided	1.0	0.0
dimensions	1.0	0.0
recorded	1.0	0.0
critical	1.0	0.0
deficit	0.200036	0.799964
transurethral	0.99112	0.00888
moderate	1.0	0.0
cephalosporin	1.0	0.0
bloatedness	0.0	1.0
scientific	1.0	0.0
k562	1.0	0.0
breastfeed	1.0	0.0
anticlockwise	1.0	0.0
ratios	1.0	0.0
fractured	0.62409	0.37591
mmol	1.0	0.0
earlier	1.0	0.0
comparison	1.0	0.0
ol	1.0	0.0
central	0.999861428571	0.000138571428571
enzymatic	1.0	0.0
of	0.991537935103	0.00846206489676
disabilities	0.461985	0.538015
discussed	1.0	0.0
practical	1.0	0.0
betatc3	1.0	0.0
concentrations	1.0	0.0
discusses	1.0	0.0
antibody	1.0	0.0
or	0.982125714286	0.0178742857143
enhancement	1.0	0.0
formication	0.95902	0.04098
pretransplantation	1.0	0.0
aortic	0.9073	0.0927
image	0.95902	0.04098
propanone	1.0	0.0
spinal	1.0	0.0
involvement	1.0	0.0
determine	1.0	0.0
gomez	1.0	0.0
intervention	1.0	0.0
area	0.993868571429	0.00613142857143
there	1.0	0.0
hepatosplenomegaly	0.09493	0.90507
detectable	1.0	0.0
low	0.964878	0.035122
cultures	1.0	0.0
sonographic	0.99994	6e-05
delayed	0.95902	0.04098
principles	1.0	0.0
follicular	0.66604	0.33396
posterior	0.999994545455	5.45454545455e-06
lymph	0.6	0.4
clones	1.0	0.0
mice	1.0	0.0
with	0.9998763	0.0001237
october	1.0	0.0
improved	1.0	0.0
circulation	0.99994	6e-05
equinatoxin	1.0	0.0
aneurysm	0.91119	0.08881
trigeminal	1.0	0.0
palate	1.0	0.0
lactobacillus	1.0	0.0
contralateral	0.920647	0.079353
rvh	0.78934	0.21066
avian	1.0	0.0
deep	1.0	0.0
an	0.999995	5e-06
immunoprecipitation	1.0	0.0
examine	1.0	0.0
hypertension	0.1844575	0.8155425
inulin	0.99994	6e-05
laboratory	1.0	0.0
tibial	1.0	0.0
pmol	1.0	0.0
assessing	1.0	0.0
yoga	1.0	0.0
ideally	1.0	0.0
administered	1.0	0.0
ctct	1.0	0.0
hygienists	1.0	0.0
igg	0.99997	3e-05
field	0.8	0.2
valid	1.0	0.0
5	1.0	0.0
iga	0.99997	3e-05
you	1.0	0.0
immunity	0.99994	6e-05
poor	0.932685	0.067315
briefly	1.0	0.0
separate	1.0	0.0
students	1.0	0.0
important	1.0	0.0
peak	0.99994	6e-05
included	1.0	0.0
unresponsive	1.0	0.0
insertions	1.0	0.0
bilateral	0.40599	0.59401
mimic	1.0	0.0
inhibited	1.0	0.0
mass	0.00097	0.99903
electrophoretypes	1.0	0.0
sensibility	0.99994	6e-05
oral	1.0	0.0
original	1.0	0.0
represent	1.0	0.0
all	1.0	0.0
chinese	1.0	0.0
surgical	1.0	0.0
systemic	0.672235	0.327765
varices	0.00452	0.99548
follow	1.0	0.0
meditation	1.0	0.0
children	1.0	0.0
polarity	1.0	0.0
to	0.977515777778	0.0224842222222
program	1.0	0.0
28100	1.0	0.0
dominated	1.0	0.0
nodes	0.333333333333	0.666666666667
cytokinesis	1.0	0.0
endogenous	1.0	0.0
cdna	1.0	0.0
conus	1.0	0.0
activities	1.0	0.0
very	1.0	0.0
apoptosis	1.0	0.0
fat	0.99994	6e-05
parry	1.0	0.0
vera	1.0	0.0
interpreting	1.0	0.0
candida	0.86537	0.13463
salmonella	1.0	0.0
difference	0.99994	6e-05
capillary	1.0	0.0
condition	0.998493333333	0.00150666666667
motor	0.99903	0.00097
induced	1.0	0.0
neurocutaneous	0.99994	6e-05
deficient	0.99997	3e-05
list	1.0	0.0
applicable	1.0	0.0
large	0.991416	0.008584
glaucomatous	0.95902	0.04098
small	1.0	0.0
reimplantation	1.0	0.0
pyrroline	1.0	0.0
198	1.0	0.0
ten	1.0	0.0
cerebrovascular	1.0	0.0
headspace	1.0	0.0
rate	0.99994	6e-05
design	1.0	0.0
perspective	1.0	0.0
functioning	0.98634	0.01366
abe	1.0	0.0
palatal	1.0	0.0
lactamase	1.0	0.0
emotions	1.0	0.0
endothelin	1.0	0.0
excitatory	1.0	0.0
learned	1.0	0.0
electrocerebral	0.99994	6e-05
method	1.0	0.0
contrast	0.99998	2e-05
movement	0.99994	6e-05
diffusely	1.0	0.0
component	1.0	0.0
hours	1.0	0.0
relaxation	0.99994	6e-05
multiforme	0.15816	0.84184
cirrhosis	0.78934	0.21066
900	1.0	0.0
thymidine	1.0	0.0
experience	1.0	0.0
prior	1.0	0.0
infrequently	1.0	0.0
base	1.0	0.0
pick	1.0	0.0
narrow	1.0	0.0
via	1.0	0.0
vasopressin	0.2934	0.7066
extrapleural	0.73551	0.26449
select	1.0	0.0
hemiparesis	0.15816	0.84184
two	1.0	0.0
yilmaz	1.0	0.0
6	1.0	0.0
injury	0.99548	0.00452
minor	0.15816	0.84184
more	1.0	0.0
volatiles	1.0	0.0
site	1.0	0.0
tested	1.0	0.0
immunoreactive	1.0	0.0
known	1.0	0.0
producing	1.0	0.0
commercially	1.0	0.0
none	1.0	0.0
toxins	1.0	0.0
recall	0.97951	0.02049
remain	1.0	0.0
depleting	1.0	0.0
strategies	1.0	0.0
male	0.999974285714	2.57142857143e-05
tunicamycin	1.0	0.0
history	1.0	0.0
scan	1.0	0.0
osteosarcoma	1.0	0.0
suggestions	1.0	0.0
scar	1.0	0.0
species	0.932685	0.067315
axis	0.99994	6e-05
information	1.0	0.0
drained	1.0	0.0
breaking	1.0	0.0
american	1.0	0.0
occasionally	1.0	0.0
hexanal	1.0	0.0
bifidobacterium	1.0	0.0
tried	1.0	0.0
thickened	0.84184	0.15816
derived	1.0	0.0
reflect	1.0	0.0
consequence	1.0	0.0
blood	0.999957142857	4.28571428571e-05
plana	1.0	0.0
evaluations	1.0	0.0
response	1.0	0.0
a	0.999722702703	0.000277297297297
short	1.0	0.0
causation	1.0	0.0
exhibited	1.0	0.0
sonograms	1.0	0.0
playing	0.99994	6e-05
infant	1.0	0.0
sphingomyelin	1.0	0.0
developed	1.0	0.0
oblique	1.0	0.0
mucosa	1.0	0.0
held	1.0	0.0
paper	1.0	0.0
through	0.999985	1.5e-05
existence	1.0	0.0
its	0.999991428571	8.57142857143e-06
24	1.0	0.0
25	1.0	0.0
27	1.0	0.0
20	1.0	0.0
21	1.0	0.0
22	1.0	0.0
susceptible	1.0	0.0
lateral	0.997938333333	0.00206166666667
nonviable	1.0	0.0
neuropsychological	6e-05	0.99994
symptoms	1.0	0.0
absence	1.0	0.0
microscopic	1.0	0.0
disclosed	1.0	0.0
pca	1.0	0.0
might	1.0	0.0
finer	1.0	0.0
good	1.0	0.0
food	1.0	0.0
primary	0.958232222222	0.0417677777778
framework	1.0	0.0
walls	1.0	0.0
sphincter	1.0	0.0
mansoni	1.0	0.0
foot	1.0	0.0
retroperitoneal	1.0	0.0
association	1.0	0.0
level	0.99994	6e-05
obstetric	1.0	0.0
radial	1.0	0.0
found	1.0	0.0
out	1.0	0.0
referred	1.0	0.0
reactions	0.99994	6e-05
eqtii	1.0	0.0
generation	0.99994	6e-05
reduce	1.0	0.0
investigated	1.0	0.0
chorioangiomas	0.99548	0.00452
measurement	1.0	0.0
penicillin	1.0	0.0
alcohol	1.0	0.0
item	1.0	0.0
since	1.0	0.0
health	1.0	0.0
inactivated	0.99998	2e-05
7	1.0	0.0
dysfunction	0.13463	0.86537
evaluation	1.0	0.0
occurs	1.0	0.0
pneumothorax	0.15816	0.84184
extraordinary	1.0	0.0
pitfalls	1.0	0.0
imaging	1.0	0.0
stomach	0.99994	6e-05
generate	1.0	0.0
schistosomiasis	1.0	0.0
diffused	1.0	0.0
benefits	1.0	0.0
running	1.0	0.0
brainstem	0.999515	0.000485
conducted	1.0	0.0
yersinia	1.0	0.0
hodgkin	1.0	0.0
major	1.0	0.0
explainable	1.0	0.0
probability	1.0	0.0
radical	1.0	0.0
thereafter	1.0	0.0
number	1.0	0.0
enlarged	0.0	1.0
hardening	1.0	0.0
defects	0.0	1.0
tlr4	1.0	0.0
hemihyperhidrosis	0.15816	0.84184
unexplained	1.0	0.0
temperature	0.99994	6e-05
leading	1.0	0.0
threatening	1.0	0.0
plexus	1.0	0.0
majority	1.0	0.0
hundred	1.0	0.0
recovered	1.0	0.0
conduit	1.0	0.0
para	0.99994	6e-05
needle	1.0	0.0
immediate	0.99994	6e-05
part	1.0	0.0
cartridges	1.0	0.0
authors	1.0	0.0
b	0.99998	2e-05
double	1.0	0.0
ranging	1.0	0.0
recording	1.0	0.0
determined	1.0	0.0
risks	1.0	0.0
treated	1.0	0.0
livers	1.0	0.0
trimoxazole	1.0	0.0
defect	0.78934	0.21066
precipitating	1.0	0.0
sentences	0.99994	6e-05
concentration	1.0	0.0
fetalis	0.13463	0.86537
relationship	1.0	0.0
cava	0.99994	6e-05
onset	0.99994	6e-05
also	1.0	0.0
recognizing	1.0	0.0
internal	1.0	0.0
generalized	0.99771	0.00229
finding	1.0	0.0
donor	1.0	0.0
stenosis	0.59401	0.40599
toxoids	0.99994	6e-05
abruption	0.09493	0.90507
province	1.0	0.0
play	1.0	0.0
caliber	1.0	0.0
electric	0.99994	6e-05
bands	1.0	0.0
most	1.0	0.0
74	1.0	0.0
71	1.0	0.0
70	1.0	0.0
alpha	0.99998	2e-05
measured	1.0	0.0
prostatic	1.0	0.0
traditional	1.0	0.0
phytohemagglutinin	1.0	0.0
pars	1.0	0.0
chorioamnionitis	0.09493	0.90507
thomas	1.0	0.0
islets	1.0	0.0
disturbances	0.84184	0.15816
cauda	1.0	0.0
session	1.0	0.0
malignant	0.458636666667	0.541363333333
velvety	0.84184	0.15816
murate	1.0	0.0
fine	1.0	0.0
venosus	0.99903	0.00097
access	1.0	0.0
giant	0.99903	0.00097
parameters	0.99994	6e-05
heavily	1.0	0.0
hypoattenuation	0.99994	6e-05
factor	1.0	0.0
8	1.0	0.0
hip	0.99887	0.00113
intractable	1.0	0.0
biopsy	1.0	0.0
haemostatic	0.253864	0.746136
capsule	1.0	0.0
breast	0.98769	0.01231
during	0.99999	1e-05
campylobacter	1.0	0.0
inducible	1.0	0.0
distraction	1.0	0.0
progressive	0.99704	0.00296
sources	1.0	0.0
tumors	0.710896666667	0.289103333333
acellular	0.99994	6e-05
common	1.0	0.0
recommendations	1.0	0.0
scanning	1.0	0.0
set	1.0	0.0
art	1.0	0.0
aspect	1.0	0.0
achieved	1.0	0.0
pcdna3	1.0	0.0
potent	1.0	0.0
antiproliferative	1.0	0.0
schizophrenic	1.0	0.0
sec	1.0	0.0
are	0.999964074074	3.59259259259e-05
close	1.0	0.0
polymorphic	1.0	0.0
thrombocytopenia	6e-05	0.99994
matter	0.86537	0.13463
macroscopic	0.99994	6e-05
various	1.0	0.0
vascular	0.999676666667	0.000323333333333
conditions	1.0	0.0
available	1.0	0.0
recently	1.0	0.0
responses	0.99994	6e-05
targeted	1.0	0.0
rapid	1.0	0.0
rarer	1.0	0.0
both	0.999985	1.5e-05
c	0.999722857143	0.000277142857143
last	1.0	0.0
density	0.86537	0.13463
sensitive	0.99373	0.00627
connection	1.0	0.0
whole	0.999955	4.5e-05
pda	0.7066	0.2934
cakes	1.0	0.0
point	1.0	0.0
reasons	1.0	0.0
sky	0.95902	0.04098
factitious	6e-05	0.99994
manners	1.0	0.0
hyperfiltration	0.95902	0.04098
adaptation	1.0	0.0
fibres	1.0	0.0
thermophilus	1.0	0.0
throughout	1.0	0.0
[	0.99903	0.00097
described	1.0	0.0
create	1.0	0.0
due	0.99997	3e-05
strategy	1.0	0.0
whom	1.0	0.0
reduction	1.0	0.0
dropping	0.95902	0.04098
secific	1.0	0.0
collected	1.0	0.0
nephrectomy	1.0	0.0
resting	1.0	0.0
bulgaricus	1.0	0.0
recalled	0.99994	6e-05
compromised	1.0	0.0
postglomerular	0.99994	6e-05
plasmas	1.0	0.0
extracted	1.0	0.0
p1	0.99994	6e-05
straight	0.98769	0.01231
tip	0.99994	6e-05
evaluated	1.0	0.0
precursor	1.0	0.0
while	1.0	0.0
replaced	1.0	0.0
ciliary	1.0	0.0
binding	1.0	0.0
occlusive	1.0	0.0
rim	0.99997	3e-05
urethra	1.0	0.0
twofold	1.0	0.0
cancers	0.99903	0.00097
elevated	0.98974	0.01026
shorter	1.0	0.0
benign	0.99903	0.00097
deletion	1.0	0.0
9	1.0	0.0
products	1.0	0.0
higher	1.0	0.0
development	1.0	0.0
used	1.0	0.0
temporary	1.0	0.0
painless	0.98769	0.01231
usually	1.0	0.0
001	1.0	0.0
000	1.0	0.0
purpose	1.0	0.0
mesothelioma	1.0	0.0
immunofluorescence	1.0	0.0
focal	0.0449166666667	0.955083333333
recent	1.0	0.0
lower	0.764446666667	0.235553333333
isotype	0.99997	3e-05
transcatheter	1.0	0.0
analysis	1.0	0.0
entry	1.0	0.0
ultrasound	1.0	0.0
prevention	1.0	0.0
breastfeeding	1.0	0.0
intrarenal	1.0	0.0
abilities	1.0	0.0
hypothesized	1.0	0.0
reviewed	1.0	0.0
atomic	1.0	0.0
questions	0.999985	1.5e-05
hemolytic	0.78934	0.21066
alternative	1.0	0.0
constrictor	1.0	0.0
injuries	0.872436666667	0.127563333333
globin	1.0	0.0
superficial	1.0	0.0
illusions	0.95902	0.04098
conclusions	1.0	0.0
lysenin	1.0	0.0
exclusively	1.0	0.0
signals	1.0	0.0
location	0.99994	6e-05
relevance	1.0	0.0
associations	1.0	0.0
australia	1.0	0.0
emergency	1.0	0.0
evaluate	1.0	0.0
interestingly	1.0	0.0
consensus	1.0	0.0
individuals	1.0	0.0
yields	1.0	0.0
eeg	0.999978181818	2.18181818182e-05
disorder	0.999515	0.000485
essential	1.0	0.0
valleys	1.0	0.0
methods	1.0	0.0
some	1.0	0.0
electroencephalogram	1.0	0.0
towards	1.0	0.0
echocardiographical	1.0	0.0
pronounced	1.0	0.0
gradually	1.0	0.0
scale	1.0	0.0
glycosylation	1.0	0.0
pet	1.0	0.0
decision	1.0	0.0
measurements	1.0	0.0
venereum	1.0	0.0
per	1.0	0.0
retro	1.0	0.0
scalp	1.0	0.0
be	1.0	0.0
patient	1.0	0.0
enterocolitica	1.0	0.0
300	1.0	0.0
processing	0.999806	0.000194
step	1.0	0.0
bp	1.0	0.0
cefaclor	1.0	0.0
relating	1.0	0.0
by	0.995357586207	0.0046424137931
vaccine	0.99994	6e-05
graft	1.0	0.0
glaucoma	0.999515	0.000485
""""	1.0	0.0
graduation	1.0	0.0
leukaemia	1.0	0.0
unintentional	1.0	0.0
range	1.0	0.0
chorioangioma	0.99548	0.00452
therapeutic	1.0	0.0
silence	0.99994	6e-05
anterior	1.0	0.0
repair	1.0	0.0
significant	1.0	0.0
abusive	0.998493333333	0.00150666666667
within	1.0	0.0
parton	1.0	0.0
contributor	1.0	0.0
thrombophilias	6e-05	0.99994
subcellular	1.0	0.0
eegs	1.0	0.0
long	1.0	0.0
tcac	1.0	0.0
infected	1.0	0.0
myoclonus	0.78934	0.21066
albumin	0.99996	4e-05
registered	1.0	0.0
polio	0.99994	6e-05
reiterated	1.0	0.0
quiescent	1.0	0.0
injection	1.0	0.0
intestines	1.0	0.0
rejection	1.0	0.0
skull	1.0	0.0
rnas	1.0	0.0
up	1.0	0.0
rnai	1.0	0.0
horner	1.0	0.0
highlight	1.0	0.0
similar	1.0	0.0
storing	1.0	0.0
associated	1.0	0.0
adults	1.0	0.0
lys	1.0	0.0
m	1.0	0.0
tomography	1.0	0.0
as	1.0	0.0
hemodynamic	1.0	0.0
amounts	0.99994	6e-05
entity	1.0	0.0
application	1.0	0.0
branhamella	1.0	0.0
department	1.0	0.0
users	1.0	0.0
developmental	0.641323333333	0.358676666667
endocrine	0.999485	0.000515
calcifications	0.0	1.0
prepared	1.0	0.0
glomerular	0.877375	0.122625
generated	0.9997575	0.0002425
allowing	1.0	0.0
suppression	1.0	0.0
fossa	0.99997	3e-05
structure	1.0	0.0
lymphoma	0.999676666667	0.000323333333333
correlated	1.0	0.0
e	1.0	0.0
valved	1.0	0.0
age	1.0	0.0
required	1.0	0.0
syringomyelia	6e-05	0.99994
presenting	1.0	0.0
at	1.0	0.0
requires	1.0	0.0
having	1.0	0.0
partial	1.0	0.0
tetralogy	1.0	0.0
illustrates	1.0	0.0
results	1.0	0.0
gg	1.0	0.0
gc	1.0	0.0
ga	0.99994	6e-05
tumours	0.15816	0.84184
rigidity	0.99548	0.00452
hepatosplenic	1.0	0.0
monomer	1.0	0.0
haemophillus	0.99994	6e-05
stably	1.0	0.0
young	1.0	0.0
radiological	1.0	0.0
stable	1.0	0.0
include	1.0	0.0
random	1.0	0.0
assay	1.0	0.0
iliac	0.99903	0.00097
periorbital	1.0	0.0
wave	0.99994	6e-05
inhibiting	1.0	0.0
electron	1.0	0.0
matsuda	1.0	0.0
promise	1.0	0.0
artery	0.682145	0.317855
continued	1.0	0.0
targeting	1.0	0.0
shock	0.99994	6e-05
fewer	0.99994	6e-05
noted	1.0	0.0
hullin	1.0	0.0
smaller	1.0	0.0
bleeding	3e-05	0.99997
antigen	0.994111428571	0.00588857142857
sensation	0.667465	0.332535
fold	1.0	0.0
acid	0.99994	6e-05
depression	0.00452	0.99548
plays	1.0	0.0
apparatus	1.0	0.0
methylpyrazine	1.0	0.0
hereditary	1.0	0.0
cell	0.999907619048	9.2380952381e-05
evoked	0.99996	4e-05
indian	1.0	0.0
volatile	1.0	0.0
sixth	1.0	0.0
;	1.0	0.0
exercise	1.0	0.0
rhamnosus	1.0	0.0
body	0.95902	0.04098
proliferation	1.0	0.0
led	1.0	0.0
degree	1.0	0.0
respectively	1.0	0.0
sutures	1.0	0.0
catheterization	1.0	0.0
preeclampsia	0.09493	0.90507
38	1.0	0.0
respiration	0.99994	6e-05
cts	1.0	0.0
32	1.0	0.0
30	1.0	0.0
suggests	1.0	0.0
preferentially	1.0	0.0
resulting	1.0	0.0
gene	1.0	0.0
untranslated	1.0	0.0
outcomes	1.0	0.0
anomalies	0.6309	0.3691
clockwise	0.99994	6e-05
apd	0.99903	0.00097
standing	0.98634	0.01366
use	1.0	0.0
from	1.0	0.0
remains	1.0	0.0
few	1.0	0.0
doubt	1.0	0.0
examination	1.0	0.0
secretions	1.0	0.0
on	0.999996666667	3.33333333333e-06
trait	0.991793333333	0.00820666666667
congestive	6e-05	0.99994
infection	6e-05	0.99994
methylbutanal	1.0	0.0
transient	0.999676666667	0.000323333333333
normalized	1.0	0.0
rabbit	1.0	0.0
nonreactive	0.99994	6e-05
baby	1.0	0.0
resection	0.99112	0.00888
practicing	1.0	0.0
f	1.0	0.0
this	0.999998125	1.875e-06
taguchi	1.0	0.0
urethral	0.99548	0.00452
crossed	1.0	0.0
metastases	0.7066	0.2934
control	1.0	0.0
do	1.0	0.0
hyperpigmented	0.26449	0.73551
high	0.999982857143	1.71428571429e-05
pulling	1.0	0.0
bones	1.0	0.0
tumor	0.6175275	0.3824725
syndrome	1.0	0.0
scarring	0.99994	6e-05
africans	1.0	0.0
occipital	1.0	0.0
delay	1.0	0.0
venous	1.0	0.0
palates	1.0	0.0
lesion	0.65553	0.34447
leukemia	1.0	0.0
collection	0.99994	6e-05
abuse	0.99548	0.00452
fatigue	0.13463	0.86537
demonstrating	1.0	0.0
marrow	0.99994	6e-05
yielded	1.0	0.0
prostate	0.9866625	0.0133375
monoxide	1.0	0.0
ambiguous	1.0	0.0
volunteers	1.0	0.0
six	1.0	0.0
produces	1.0	0.0
phalanges	0.62409	0.37591
sydenham	1.0	0.0
including	1.0	0.0
138	1.0	0.0
operative	1.0	0.0
superior	1.0	0.0
longitudinal	0.99998	2e-05
labor	0.09493	0.90507
thrombocythemia	0.99548	0.00452
permanent	1.0	0.0
covered	1.0	0.0
histological	1.0	0.0
2010	1.0	0.0
2012	1.0	0.0
physicians	1.0	0.0
greater	1.0	0.0
frontal	0.50223	0.49777
outlined	1.0	0.0
practice	1.0	0.0
fallot	1.0	0.0
cystostomy	1.0	0.0
p17	1.0	0.0
front	1.0	0.0
rotation	0.99994	6e-05
mmhg	1.0	0.0
furnace	1.0	0.0
profound	1.0	0.0
university	1.0	0.0
countries	1.0	0.0
identified	1.0	0.0
sufficiently	1.0	0.0
bicuspid	0.99112	0.00888
experienced	1.0	0.0
homogeneous	1.0	0.0
micrograms	1.0	0.0
radiographic	1.0	0.0
related	0.99997	3e-05
frequency	0.99997	3e-05
nondeletional	1.0	0.0
measure	1.0	0.0
82	1.0	0.0
83	1.0	0.0
85	1.0	0.0
category	1.0	0.0
'	1.0	0.0
cerebral	0.784788333333	0.215211666667
valve	0.99408	0.00592
electronics	1.0	0.0
cause	1.0	0.0
red	1.0	0.0
pathophysiological	1.0	0.0
immunohistochemistry	1.0	0.0
activity	0.999985882353	1.41176470588e-05
approaches	1.0	0.0
usual	1.0	0.0
regulatory	1.0	0.0
interaction	1.0	0.0
g	1.0	0.0
could	1.0	0.0
times	1.0	0.0
length	1.0	0.0
electroencephalographic	1.0	0.0
derivations	1.0	0.0
facilitate	1.0	0.0
south	1.0	0.0
arterial	0.89241	0.10759
widely	1.0	0.0
itching	0.37591	0.62409
saci	1.0	0.0
threadwire	1.0	0.0
improving	1.0	0.0
placental	0.7703425	0.2296575
calcaneum	1.0	0.0
reached	1.0	0.0
quality	1.0	0.0
endemic	1.0	0.0
promoter	1.0	0.0
management	1.0	0.0
publication	1.0	0.0
data	1.0	0.0
sep	1.0	0.0
system	1.0	0.0
relations	1.0	0.0
their	1.0	0.0
basilar	0.99112	0.00888
wrapped	0.99994	6e-05
chemotherapy	1.0	0.0
final	1.0	0.0
circulate	1.0	0.0
staphylococci	1.0	0.0
academy	1.0	0.0
completed	1.0	0.0
environmental	1.0	0.0
manifestation	1.0	0.0
lobe	0.2934	0.7066
congenital	1.0	0.0
observed	1.0	0.0
ureteral	1.0	0.0
isolation	1.0	0.0
aspiration	1.0	0.0
hemiplegia	1.0	0.0
patients	0.999991666667	8.33333333333e-06
amplitude	0.99994	6e-05
pertussis	0.90507	0.09493
descriptions	1.0	0.0
postanoxic	0.78934	0.21066
methicillin	1.0	0.0
delineated	1.0	0.0
have	1.0	0.0
need	1.0	0.0
demonstration	1.0	0.0
clearly	1.0	0.0
angle	1.0	0.0
57	1.0	0.0
min	0.99997	3e-05
caval	0.99997	3e-05
screen	1.0	0.0
able	1.0	0.0
septal	0.78934	0.21066
alterna	1.0	0.0
which	1.0	0.0
intraclass	1.0	0.0
persistence	1.0	0.0
accuracy	1.0	0.0
firefly	1.0	0.0
who	1.0	0.0
connected	0.99994	6e-05
cloned	1.0	0.0
intrinsic	0.99994	6e-05
dorsal	1.0	0.0
volume	0.99997	3e-05
reapproximation	1.0	0.0
placement	1.0	0.0
inappropriate	1.0	0.0
hydrocephalus	6e-05	0.99994
disease	1.0	0.0
face	1.0	0.0
isotypes	0.99997	3e-05
mechanical	1.0	0.0
impression	0.99112	0.00888
selection	1.0	0.0
deviation	1.0	0.0
answered	0.99994	6e-05
supported	1.0	0.0
rotating	1.0	0.0
fear	1.0	0.0
principal	1.0	0.0
antiserum	1.0	0.0
based	1.0	0.0
knowledge	1.0	0.0
mucinosis	0.99903	0.00097
noteworthy	1.0	0.0
subperiosteal	0.9992725	0.0007275
controls	1.0	0.0
should	1.0	0.0
terminal	1.0	0.0
unheated	1.0	0.0
inferior	0.99996	4e-05
peptide	1.0	0.0
hindiii	1.0	0.0
epidermoid	1.0	0.0
likert	1.0	0.0
biosynthetic	1.0	0.0
pathophysiology	1.0	0.0
joint	1.0	0.0
datasets	1.0	0.0
words	0.99994	6e-05
sinus	0.99903	0.00097
procedures	1.0	0.0
areas	0.955123333333	0.0448766666667
processes	1.0	0.0
course	1.0	0.0
h	1.0	0.0
nosography	1.0	0.0
thalamic	1.0	0.0
qi	0.99994	6e-05
levoatrial	0.901553333333	0.0984466666667
computed	1.0	0.0
national	1.0	0.0
correlations	1.0	0.0
we	1.0	0.0
freeze	1.0	0.0
p24	1.0	0.0
p27	1.0	0.0
p21	1.0	0.0
enhanced	0.99994	6e-05
electrode	1.0	0.0
creating	1.0	0.0
pattern	0.999955	4.5e-05
distractor	1.0	0.0
state	1.0	0.0
difficulties	1.0	0.0
identification	1.0	0.0
correctly	0.99994	6e-05
membrane	0.997585882353	0.00241411764706
antituberculous	1.0	0.0
kidneys	0.99997	3e-05
comparable	1.0	0.0
importance	1.0	0.0
streptococci	1.0	0.0
renovascular	0.78934	0.21066
neonatal	1.0	0.0
efficiency	1.0	0.0
preglomerular	0.99994	6e-05
key	1.0	0.0
problem	1.0	0.0
deficits	6e-05	0.99994
drug	1.0	0.0
subthalamic	1.0	0.0
strains	1.0	0.0
transplantation	1.0	0.0
estimation	1.0	0.0
sequenced	1.0	0.0
inflammatory	0.99548	0.00452
co	1.0	0.0
cm	1.0	0.0
colonisation	0.86537	0.13463
doxycycline	1.0	0.0
vena	0.99996	4e-05
pulmonary	0.69827	0.30173
ct	1.0	0.0
asphyxia	6e-05	0.99994
addition	1.0	0.0
validating	1.0	0.0
genetic	0.99112	0.00888
outflow	0.99994	6e-05
treat	1.0	0.0
enlarging	0.2934	0.7066
anomaly	1.0	0.0
define	1.0	0.0
describe	1.0	0.0
controlled	1.0	0.0
dimethylpyrazine	1.0	0.0
sufficient	1.0	0.0
clusters	1.0	0.0
granulomatous	0.99994	6e-05
gross	0.98769	0.01231
general	1.0	0.0
present	1.0	0.0
novel	1.0	0.0
appearance	1.0	0.0
sphingolipidosis	0.99903	0.00097
value	1.0	0.0
plicata	1.0	0.0
will	1.0	0.0
extracts	1.0	0.0
periods	1.0	0.0
mutant	1.0	0.0
molecular	1.0	0.0
thus	1.0	0.0
surprisingly	1.0	0.0
surface	1.0	0.0
monospecific	1.0	0.0
recipients	1.0	0.0
cross	1.0	0.0
parts	1.0	0.0
infarction	0.753448333333	0.246551666667
difficult	1.0	0.0
intravascular	0.98769	0.01231
anterolateral	1.0	0.0
frequently	1.0	0.0
judgment	1.0	0.0
diabetes	1.0	0.0
polymorphism	1.0	0.0
off	0.95902	0.04098
p11	1.0	0.0
i	1.0	0.0
well	1.0	0.0
patterns	1.0	0.0
tenax	1.0	0.0
diphtheria	0.99994	6e-05
comparisons	1.0	0.0
fetal	0.463988333333	0.536011666667
orthopaedic	0.999096	0.000904
increasingly	1.0	0.0
not	0.999995384615	4.61538461538e-06
sarcoidosis	0.99903	0.00097
purified	1.0	0.0
ampicillin	1.0	0.0
conjugates	1.0	0.0
tight	1.0	0.0
absorption	1.0	0.0
ureteroureterostomy	1.0	0.0
ectopic	1.0	0.0
golgi	1.0	0.0
arrest	0.92978	0.07022
c18	1.0	0.0
attractive	1.0	0.0
stakeholders	1.0	0.0
resolved	1.0	0.0
tests	1.0	0.0
cuneiform	1.0	0.0
increased	0.99994	6e-05
furfural	1.0	0.0
five	1.0	0.0
facial	0.84513	0.15487
sequencing	1.0	0.0
loss	6e-05	0.99994
necessary	1.0	0.0
like	0.668173333333	0.331826666667
admitted	1.0	0.0
become	1.0	0.0
lymphogranuloma	1.0	0.0
replacement	1.0	0.0
polyhydramnios	0.09493	0.90507
because	1.0	0.0
sequence	1.0	0.0
phenomena	0.999515	0.000485
library	1.0	0.0
growth	0.750015	0.249985
sphingolipid	1.0	0.0
choosing	1.0	0.0
recommendation	1.0	0.0
supportive	1.0	0.0
recognition	1.0	0.0
lead	0.999965714286	3.42857142857e-05
broad	0.99994	6e-05
bursts	0.99994	6e-05
mutation	1.0	0.0
octen	1.0	0.0
demonstrated	1.0	0.0
noise	1.0	0.0
lipid	1.0	0.0
analysed	1.0	0.0
paediatric	1.0	0.0
pressure	0.99996	4e-05
although	1.0	0.0
fluorescent	1.0	0.0
p31	1.0	0.0
stage	0.84184	0.15816
gained	1.0	0.0
about	1.0	0.0
rare	1.0	0.0
carried	1.0	0.0
hydrops	0.11478	0.88522
myeloid	1.0	0.0
previously	1.0	0.0
homogenates	1.0	0.0
assess	1.0	0.0
chronic	0.94616	0.05384
lung	0.833495	0.166505
female	0.999976	2.4e-05
1986	1.0	0.0
terminated	1.0	0.0
additional	1.0	0.0
adolescent	1.0	0.0
1988	1.0	0.0
1989	1.0	0.0
polycythemia	0.52049	0.47951
describes	1.0	0.0
rcc	0.99903	0.00097
function	0.999964	3.6e-05
urothelial	0.99903	0.00097
stomatitis	0.62409	0.37591
north	1.0	0.0
hr	1.0	0.0
but	1.0	0.0
intracranial	1.0	0.0
immunologically	1.0	0.0
repeated	1.0	0.0
lowered	0.99994	6e-05
clinically	1.0	0.0
hf	0.9999775	2.25e-05
made	1.0	0.0
acetyl	1.0	0.0
whether	1.0	0.0
cells	0.999995384615	4.61538461538e-06
variations	1.0	0.0
ligamentous	1.0	0.0
graphite	1.0	0.0
infants	1.0	0.0
demonstrate	1.0	0.0
distribution	1.0	0.0
spectrometry	1.0	0.0
minutes	1.0	0.0
recognize	1.0	0.0
tissues	0.99548	0.00452
slowing	1.0	0.0
persistent	1.0	0.0
disinhibition	1.0	0.0
lobes	0.932685	0.067315
epithelial	1.0	0.0
hematological	0.9277225	0.0722775
suprapubic	1.0	0.0
compared	1.0	0.0
variety	1.0	0.0
42	1.0	0.0
43	1.0	0.0
40	1.0	0.0
other	1.0	0.0
hematuria	0.0	1.0
conclusion	1.0	0.0
traumatic	0.99548	0.00452
hageman	1.0	0.0
enlargement	0.95902	0.04098
pathways	1.0	0.0
vein	0.957791428571	0.0422085714286
opened	1.0	0.0
designers	1.0	0.0
pseudokidney	0.90507	0.09493
dysphasia	6e-05	0.99994
lasted	1.0	0.0
diagnosis	1.0	0.0
rural	1.0	0.0
silica	1.0	0.0
ischaemic	6e-05	0.99994
liver	0.998514	0.001486
