haematuria	0.0	1.0
and	0.9991409090909095	0.0008590909090909091
abdominal	0.99913	0.00087
aortic	0.9077272727272727	0.09227272727272727
aneurysm	0.9194833333333333	0.08051666666666667
.	0.9999292800000001	7.072e-05
left	0.7163142857142857	0.28368571428571426
loin	0.00462	0.99538
pain	0.041063333333333334	0.9589366666666667
in	0.9957825683060115	0.00421743169398907
a	0.9997161486486487	0.00028385135135135134
patient	1.0	0.0
with	0.9998703	0.0001297
associated	1.0	0.0
the	0.9943443750000003	0.005655624999999998
radiological	1.0	0.0
finding	1.0	0.0
of	0.991668436578171	0.008331563421828909
poorly	0.98602	0.01398
or	0.98182	0.018179999999999998
non	0.8518114285714286	0.14818857142857142
-	0.9676234763948499	0.03237652360515022
functioning	0.98602	0.01398
kidney	0.9186220000000002	0.08137799999999999
are	0.9999677777777778	3.222222222222222e-05
pathognomonic	1.0	0.0
features	1.0	0.0
aorto	1.0	0.0
renal	0.9647425	0.0352575
vein	0.9571742857142856	0.042825714285714286
fistula	0.24781666666666666	0.7521833333333333
,	0.9980408280254779	0.0019591719745222936
condition	0.99846	0.00154
which	1.0	0.0
leaks	1.0	0.0
into	1.0	0.0
an	0.9999941666666666	5.833333333333333e-06
anomalous	1.0	0.0
retro	1.0	0.0
acanthosis	0.1702	0.8298
nigricans	0.1702	0.8298
is	1.0	0.0
thickened	0.8298	0.1702
velvety	0.8298	0.1702
hyperpigmented	0.23981	0.76019
skin	0.7264783333333332	0.27352166666666666
variety	1.0	0.0
endocrine	0.99953	0.00047
disorders	0.999826	0.000174
malignancies	0.9933325	0.0066675
medications	1.0	0.0
mechanical	1.0	0.0
stability	1.0	0.0
internal	1.0	0.0
fixation	1.0	0.0
fractured	0.64099	0.35901
phalanges	0.64099	0.35901
rigidity	0.99538	0.00462
five	1.0	0.0
techniques	1.0	0.0
tested	1.0	0.0
experimentally	1.0	0.0
compared	1.0	0.0
clinical	1.0	0.0
relevance	1.0	0.0
discussed	1.0	0.0
cell	0.999917142857143	8.285714285714286e-05
carcinoma	0.9979525	0.0020475
concurrent	1.0	0.0
urothelial	0.99913	0.00087
urinary	0.9918925	0.0081075
bladder	0.945552	0.05444800000000001
hodgkin	1.0	0.0
lymphoma	0.99971	0.00029
we	1.0	0.0
report	1.0	0.0
case	1.0	0.0
71	1.0	0.0
year	1.0	0.0
old	1.0	0.0
male	0.99997	2.9999999999999997e-05
multiple	1.0	0.0
primary	0.96011	0.03989
involving	1.0	0.0
combined	0.9999533333333334	4.6666666666666665e-05
synchronous	0.7021	0.2979
was	0.9999912499999999	8.749999999999998e-06
admitted	1.0	0.0
to	0.9774544444444444	0.022545555555555558
hospital	1.0	0.0
because	1.0	0.0
painless	0.9871	0.0129
gross	0.9871	0.0129
hematuria	0.0	1.0
examination	1.0	0.0
revealed	1.0	0.0
tumor	0.629895	0.370105
right	0.7787783333333334	0.22122166666666668
papillary	0.76019	0.23981
enlarged	0.0	1.0
lymph	0.6	0.4
nodes	0.3333333333333333	0.6666666666666666
along	0.99993	7e-05
aorta	0.5634174999999999	0.4365825
inferior	0.9999533333333334	4.6666666666666665e-05
vena	0.9999533333333334	4.6666666666666665e-05
cava	0.99993	7e-05
transurethral	0.99337	0.00663
resection	0.99337	0.00663
(	0.9967492424242423	0.003250757575757576
tur	1.0	0.0
)	0.9967492424242423	0.003250757575757576
radical	1.0	0.0
nephrectomy	1.0	0.0
retroperitoneal	1.0	0.0
lymphadenectomy	1.0	0.0
were	0.9999982051282051	1.7948717948717948e-06
performed	1.0	0.0
pathohistologic	1.0	0.0
evaluation	1.0	0.0
together	1.0	0.0
immunohistochemistry	1.0	0.0
gave	1.0	0.0
final	1.0	0.0
diagnosis	1.0	0.0
rcc	0.99913	0.00087
b	0.9999766666666666	2.3333333333333332e-05
small	1.0	0.0
cll	1.0	0.0
scanning	1.0	0.0
electron	1.0	0.0
microscopy	1.0	0.0
human	1.0	0.0
zonule	1.0	0.0
lens	1.0	0.0
zonula	1.0	0.0
ciliaris	1.0	0.0
present	1.0	0.0
study	1.0	0.0
eight	1.0	0.0
eyeballs	1.0	0.0
specifically	1.0	0.0
prepared	1.0	0.0
for	1.0	0.0
microscopic	1.0	0.0
observation	1.0	0.0
consisted	1.0	0.0
two	1.0	0.0
main	1.0	0.0
layers	1.0	0.0
radial	1.0	0.0
fibres	1.0	0.0
anterior	1.0	0.0
posterior	0.9999936363636363	6.363636363636363e-06
one	1.0	0.0
that	1.0	0.0
inserted	1.0	0.0
on	0.9999961111111111	3.888888888888889e-06
capsules	1.0	0.0
respectively	1.0	0.0
some	1.0	0.0
equator	1.0	0.0
zonular	1.0	0.0
originated	1.0	0.0
at	1.0	0.0
pars	1.0	0.0
plana	1.0	0.0
entered	1.0	0.0
dorsal	1.0	0.0
part	1.0	0.0
ciliary	1.0	0.0
valleys	1.0	0.0
then	1.0	0.0
changed	1.0	0.0
their	1.0	0.0
direction	1.0	0.0
towards	1.0	0.0
face	1.0	0.0
capsule	1.0	0.0
by	0.9957544827586207	0.0042455172413793105
branched	1.0	0.0
endings	1.0	0.0
1	1.0	0.0
mm	1.0	0.0
behind	1.0	0.0
mainly	1.0	0.0
occasionally	1.0	0.0
after	0.9999953333333332	4.666666666666666e-06
running	1.0	0.0
completely	1.0	0.0
through	0.9999825	1.75e-05
close	1.0	0.0
contact	1.0	0.0
lateral	0.9978383333333333	0.0021616666666666668
walls	1.0	0.0
processes	1.0	0.0
they	1.0	0.0
plicata	1.0	0.0
reached	1.0	0.0
insertions	1.0	0.0
achieved	1.0	0.0
webbed	1.0	0.0
diffused	1.0	0.0
2	0.9999970833333333	2.9166666666666666e-06
front	1.0	0.0
extraordinary	1.0	0.0
distension	1.0	0.0
capacity	1.0	0.0
demonstrated	1.0	0.0
pulling	1.0	0.0
hydrodissection	1.0	0.0
as	1.0	0.0
consequence	1.0	0.0
stretched	1.0	0.0
up	1.0	0.0
four	1.0	0.0
times	1.0	0.0
original	1.0	0.0
length	1.0	0.0
without	0.9983425	0.0016575
breaking	1.0	0.0
disinserting	1.0	0.0
sonographic	0.99993	7e-05
pseudokidney	0.89761	0.10239
when	1.0	0.0
interpreting	1.0	0.0
sonograms	1.0	0.0
should	1.0	0.0
be	1.0	0.0
aware	1.0	0.0
possibility	1.0	0.0
mistaking	1.0	0.0
fat	0.99993	7e-05
scarring	0.99993	7e-05
fossa	0.999965	3.5e-05
normal	0.9999929999999999	6.999999999999999e-06
history	1.0	0.0
prior	1.0	0.0
doubt	1.0	0.0
ultrasound	1.0	0.0
findings	1.0	0.0
confirmed	1.0	0.0
ct	1.0	0.0
scan	1.0	0.0
color	0.9999533333333334	4.6666666666666665e-05
pattern	0.9999475	5.2499999999999995e-05
reversal	0.99993	7e-05
visual	0.66662	0.33338
evoked	0.9999533333333334	4.6666666666666665e-05
potential	0.99997375	2.6249999999999998e-05
eyes	1.0	0.0
ocular	0.239515	0.760485
hypertension	0.19064250000000002	0.8093575000000001
open	1.0	0.0
angle	1.0	0.0
glaucoma	0.999565	0.000435
testing	1.0	0.0
99	1.0	0.0
27	1.0	0.0
30	1.0	0.0
use	1.0	0.0
black	1.0	0.0
white	0.9589599999999999	0.04104
red	1.0	0.0
blue	1.0	0.0
checkerboard	1.0	0.0
stimuli	1.0	0.0
p1	0.99993	7e-05
wave	0.99993	7e-05
peak	0.99993	7e-05
time	0.9999766666666666	2.3333333333333332e-05
amplitude	0.99993	7e-05
significantly	1.0	0.0
different	1.0	0.0
from	1.0	0.0
those	1.0	0.0
age	1.0	0.0
similar	1.0	0.0
especially	1.0	0.0
checkerboards	1.0	0.0
p	1.0	0.0
less	1.0	0.0
than	0.9999883333333334	1.1666666666666666e-05
0	1.0	0.0
001	1.0	0.0
differences	1.0	0.0
between	1.0	0.0
hypertensive	0.95806	0.04194
glaucomatous	0.95806	0.04194
significance	1.0	0.0
difference	0.99993	7e-05
may	1.0	0.0
serve	1.0	0.0
important	1.0	0.0
parameter	1.0	0.0
early	1.0	0.0
comparison	1.0	0.0
secretory	0.999965	3.5e-05
iga	0.999965	3.5e-05
igg	0.999965	3.5e-05
isotype	0.999965	3.5e-05
levels	0.9999649999999999	3.5e-05
palatal	1.0	0.0
secretions	1.0	0.0
denture	0.9963088888888889	0.003691111111111111
stomatitis	0.64099	0.35901
patients	0.9999902777777776	9.722222222222221e-06
wearers	1.0	0.0
having	1.0	0.0
clinically	1.0	0.0
healthy	1.0	0.0
palates	1.0	0.0
inflammatory	0.99538	0.00462
affecting	1.0	0.0
mucosa	1.0	0.0
covered	1.0	0.0
aetiology	1.0	0.0
multifactorial	1.0	0.0
poor	0.9384399999999999	0.06156
hygiene	0.96922	0.03078
constant	0.99993	7e-05
wearing	0.999965	3.5e-05
trauma	0.7615466666666667	0.23845333333333332
colonisation	0.87688	0.12312
candida	0.87688	0.12312
species	0.9384399999999999	0.06156
inflamed	0.99538	0.00462
tissues	0.99538	0.00462
raised	0.99993	7e-05
albumin	0.9999533333333334	4.6666666666666665e-05
isotypes	0.999965	3.5e-05
siga	0.999965	3.5e-05
would	1.0	0.0
expected	1.0	0.0
major	1.0	0.0
component	1.0	0.0
protective	1.0	0.0
immunological	1.0	0.0
response	1.0	0.0
mucosal	1.0	0.0
injection	1.0	0.0
21	1.0	0.0
22	1.0	0.0
analysed	1.0	0.0
found	1.0	0.0
higher	1.0	0.0
palate	1.0	0.0
unexpectedly	1.0	0.0
<	1.0	0.0
05	1.0	0.0
lower	0.7659433333333333	0.23405666666666666
percutaneous	1.0	0.0
support	1.0	0.0
failing	0.99538	0.00462
heart	0.8504814285714285	0.14951857142857142
ventricular	0.85873	0.14127
rv	0.87253	0.12747
failure	0.59344	0.40656
increasingly	1.0	0.0
common	1.0	0.0
problem	1.0	0.0
require	1.0	0.0
contrast	0.9999766666666666	2.3333333333333332e-05
severe	1.0	0.0
typically	1.0	0.0
more	1.0	0.0
reversible	0.996685	0.003315
therefore	1.0	0.0
application	1.0	0.0
shorter	1.0	0.0
term	1.0	0.0
devices	1.0	0.0
potentially	1.0	0.0
attractive	1.0	0.0
current	1.0	0.0
innovations	1.0	0.0
promise	1.0	0.0
greater	1.0	0.0
availability	1.0	0.0
such	1.0	0.0
this	0.9999978125	2.1875e-06
article	1.0	0.0
considers	1.0	0.0
available	1.0	0.0
approaches	1.0	0.0
provide	1.0	0.0
hemodynamic	1.0	0.0
treat	1.0	0.0
profound	1.0	0.0
scenarios	1.0	0.0
most	1.0	0.0
beneficial	1.0	0.0
tetralogy	1.0	0.0
fallot	1.0	0.0
levoatrial	0.9001199999999999	0.09987999999999998
cardinal	0.9001199999999999	0.09987999999999998
rare	1.0	0.0
congenital	1.0	0.0
anomaly	1.0	0.0
systemic	0.6705300000000001	0.32947
veins	0.999965	3.5e-05
it	1.0	0.0
frequently	1.0	0.0
side	0.9197733333333332	0.08022666666666667
obstructive	0.87966	0.12034
anomalies	0.6431733333333333	0.3568266666666666
innominate	0.99993	7e-05
absent	0.9999766666666666	2.3333333333333332e-05
upper	0.99993	7e-05
pulmonary	0.7007500000000001	0.29925
connected	0.99993	7e-05
there	1.0	0.0
no	0.999986	1.3999999999999998e-05
root	1.0	0.0
replacement	1.0	0.0
cardiac	0.8857812500000001	0.11421875
dextroversion	0.9685275000000001	0.0314725
adult	1.0	0.0
surgery	1.0	0.0
malrotation	0.95806	0.04194
60	1.0	0.0
lady	1.0	0.0
known	1.0	0.0
presented	1.0	0.0
dyspnoea	7e-05	0.99993
pre	0.5	0.5
syncopal	0.0	1.0
attacks	0.0	1.0
echocardiographical	1.0	0.0
investigation	1.0	0.0
clockwise	0.99993	7e-05
rotation	0.99993	7e-05
its	0.99999	9.999999999999999e-06
longitudinal	0.9999766666666666	2.3333333333333332e-05
axis	0.99993	7e-05
resulted	1.0	0.0
outflow	0.99993	7e-05
tract	0.999965	3.5e-05
artery	0.6756949999999999	0.324305
being	0.9999766666666666	2.3333333333333332e-05
wrapped	0.99993	7e-05
anteriorly	0.99993	7e-05
around	0.999965	3.5e-05
displacement	0.99993	7e-05
atrium	0.99993	7e-05
presence	1.0	0.0
heavily	1.0	0.0
calcified	0.87688	0.12312
bicuspid	0.99337	0.00663
valve	0.99558	0.0044199999999999995
dilated	0.5602275	0.43977249999999996
ascending	0.126905	0.873095
also	1.0	0.0
venous	1.0	0.0
cannulation	1.0	0.0
established	1.0	0.0
rotating	1.0	0.0
anticlockwise	1.0	0.0
access	1.0	0.0
gained	1.0	0.0
superior	1.0	0.0
oblique	1.0	0.0
aortotomy	1.0	0.0
replaced	1.0	0.0
valved	1.0	0.0
conduit	1.0	0.0
authors	1.0	0.0
'	1.0	0.0
knowledge	1.0	0.0
first	1.0	0.0
iatrogenic	1.0	0.0
cyanosis	0.19326666666666667	0.8067333333333333
clubbing	0.23981	0.76019
:	1.0	0.0
25	1.0	0.0
years	1.0	0.0
chronic	0.9485885714285713	0.051411428571428566
hypoxia	7e-05	0.99993
repair	1.0	0.0
atrial	0.78813	0.21187
septal	0.78813	0.21187
defect	0.78813	0.21187
sinus	0.99913	0.00087
venosus	0.99913	0.00087
caval	0.999965	3.5e-05
type	0.9999825	1.75e-05
unintentional	1.0	0.0
diversion	0.99993	7e-05
blood	0.99995	4.999999999999999e-05
reported	1.0	0.0
long	1.0	0.0
standing	0.98602	0.01398
anatomical	0.999965	3.5e-05
shunting	0.00663	0.99337
cerebrovascular	1.0	0.0
complications	1.0	0.0
risks	1.0	0.0
depend	1.0	0.0
absence	1.0	0.0
hematological	0.9335975	0.0664025
abnormalities	0.201314	0.798686
degree	1.0	0.0
magnetic	1.0	0.0
resonance	1.0	0.0
imaging	1.0	0.0
clarified	1.0	0.0
etiology	1.0	0.0
unexplained	1.0	0.0
delineated	1.0	0.0
surgical	1.0	0.0
anatomy	1.0	0.0
radioimmunoassay	1.0	0.0
immunoreactive	1.0	0.0
c	0.9997514285714286	0.00024857142857142857
terminal	1.0	0.0
big	1.0	0.0
endothelin	1.0	0.0
38	1.0	0.0
potent	1.0	0.0
endogenous	1.0	0.0
vaso	1.0	0.0
constrictor	1.0	0.0
derived	1.0	0.0
biosynthetic	1.0	0.0
precursor	1.0	0.0
proteolytic	1.0	0.0
degradation	1.0	0.0
last	1.0	0.0
step	1.0	0.0
cleaves	1.0	0.0
fragment	1.0	0.0
have	1.0	0.0
developed	1.0	0.0
peptide	1.0	0.0
based	1.0	0.0
antiserum	1.0	0.0
recognizing	1.0	0.0
sequence	1.0	0.0
cross	1.0	0.0
reacting	1.0	0.0
intact	1.0	0.0
test	1.0	0.0
plasma	0.9999766666666666	2.3333333333333332e-05
samples	1.0	0.0
extracted	1.0	0.0
passage	1.0	0.0
c18	1.0	0.0
silica	1.0	0.0
cartridges	1.0	0.0
desorption	1.0	0.0
methanol	1.0	0.0
/	1.0	0.0
water	1.0	0.0
volume	0.999965	3.5e-05
fraction	1.0	0.0
8	1.0	0.0
yields	1.0	0.0
purification	1.0	0.0
concentration	1.0	0.0
procedure	1.0	0.0
about	1.0	0.0
70	1.0	0.0
%	1.0	0.0
15	1.0	0.0
persons	1.0	0.0
concentrations	1.0	0.0
11	1.0	0.0
pmol	1.0	0.0
l	1.0	0.0
10	1.0	0.0
fold	1.0	0.0
reference	1.0	0.0
thus	1.0	0.0
peptides	1.0	0.0
containing	0.9999825	1.75e-05
but	1.0	0.0
do	1.0	0.0
circulate	1.0	0.0
if	1.0	0.0
sufficiently	1.0	0.0
tight	1.0	0.0
correlation	1.0	0.0
circulating	1.0	0.0
can	1.0	0.0
proven	1.0	0.0
facilitate	1.0	0.0
studies	1.0	0.0
physiological	0.9999766666666666	2.3333333333333332e-05
role	1.0	0.0
visualization	1.0	0.0
heterogeneous	1.0	0.0
membrane	0.9975288235294117	0.0024711764705882353
distribution	1.0	0.0
sphingomyelin	1.0	0.0
cytokinesis	1.0	0.0
polarity	1.0	0.0
sphingolipidosis	0.99913	0.00087
sm	1.0	0.0
sphingolipid	1.0	0.0
mammalian	1.0	0.0
cells	0.9999946153846153	5.384615384615384e-06
form	1.0	0.0
specific	0.99221	0.00779
lipid	1.0	0.0
domains	1.0	0.0
cholesterol	1.0	0.0
however	1.0	0.0
methods	1.0	0.0
examine	1.0	0.0
limited	1.0	0.0
model	1.0	0.0
membranes	1.0	0.0
fluorescent	1.0	0.0
protein	1.0	0.0
conjugates	1.0	0.0
binding	1.0	0.0
toxins	1.0	0.0
lysenin	1.0	0.0
lys	1.0	0.0
equinatoxin	1.0	0.0
ii	1.0	0.0
eqtii	1.0	0.0
recognize	1.0	0.0
distributions	1.0	0.0
;	1.0	0.0
exclusively	1.0	0.0
binds	1.0	0.0
clustered	1.0	0.0
whereas	1.0	0.0
preferentially	1.0	0.0
dispersed	1.0	0.0
freeze	1.0	0.0
fracture	1.0	0.0
immunoelectron	1.0	0.0
showed	1.0	0.0
not	0.9999946153846153	5.384615384615384e-06
formed	1.0	0.0
surface	1.0	0.0
glycolipids	1.0	0.0
affect	1.0	0.0
using	1.0	0.0
derivatives	1.0	0.0
sensitive	0.9936357142857143	0.0063642857142857156
probes	1.0	0.0
exclusive	1.0	0.0
accumulation	1.0	0.0
clusters	1.0	0.0
midbody	1.0	0.0
interestingly	1.0	0.0
apical	1.0	0.0
differentiated	1.0	0.0
epithelial	1.0	0.0
exhibited	1.0	0.0
basolateral	1.0	0.0
acid	0.99993	7e-05
sphingomyelinase	0.99993	7e-05
deficient	0.999965	3.5e-05
niemann	1.0	0.0
pick	1.0	0.0
these	1.0	0.0
data	1.0	0.0
suggest	1.0	0.0
both	0.9999825	1.75e-05
content	1.0	0.0
crucial	1.0	0.0
pathophysiological	1.0	0.0
events	1.0	0.0
bringing	1.0	0.0
therapeutic	1.0	0.0
perspective	1.0	0.0
makino	1.0	0.0
abe	1.0	0.0
m	1.0	0.0
murate	1.0	0.0
inaba	1.0	0.0
t	1.0	0.0
yilmaz	1.0	0.0
n	1.0	0.0
hullin	1.0	0.0
matsuda	1.0	0.0
f	1.0	0.0
kishimoto	1.0	0.0
schieber	1.0	0.0
taguchi	1.0	0.0
arai	1.0	0.0
h	1.0	0.0
anderluh	1.0	0.0
g	1.0	0.0
parton	1.0	0.0
r	1.0	0.0
kobayashi	1.0	0.0
improvement	1.0	0.0
eeg	0.9999745454545454	2.5454545454545454e-05
signal	1.0	0.0
acquisition	1.0	0.0
electrical	0.999965	3.5e-05
aspect	1.0	0.0
state	1.0	0.0
art	1.0	0.0
end	1.0	0.0
aim	1.0	0.0
practical	1.0	0.0
considerations	1.0	0.0
acquiring	1.0	0.0
satisfactory	1.0	0.0
signals	1.0	0.0
electroencephalographic	1.0	0.0
users	1.0	0.0
system	1.0	0.0
designers	1.0	0.0
choosing	1.0	0.0
correct	1.0	0.0
electrode	1.0	0.0
design	1.0	0.0
strategy	1.0	0.0
initial	1.0	0.0
electronic	1.0	0.0
circuitry	1.0	0.0
plays	1.0	0.0
improving	1.0	0.0
s	1.0	0.0
measurement	1.0	0.0
performance	1.0	0.0
considering	1.0	0.0
pitfalls	1.0	0.0
biopotential	1.0	0.0
recording	1.0	0.0
session	1.0	0.0
conditions	1.0	0.0
creates	1.0	0.0
better	1.0	0.0
accuracy	1.0	0.0
electroencephalogram	1.0	0.0
electrodes	1.0	0.0
electronics	1.0	0.0
including	1.0	0.0
filtering	1.0	0.0
amplifying	1.0	0.0
conversion	1.0	0.0
storing	1.0	0.0
environmental	1.0	0.0
paper	1.0	0.0
principles	1.0	0.0
points	1.0	0.0
noise	1.0	0.0
reduction	1.0	0.0
suggestions	1.0	0.0
comparative	1.0	0.0
vitro	1.0	0.0
activity	0.9999835294117647	1.6470588235294116e-05
new	1.0	0.0
oral	1.0	0.0
cephalosporin	1.0	0.0
bmy	1.0	0.0
28100	1.0	0.0
broth	1.0	0.0
microdilution	1.0	0.0
method	1.0	0.0
against	1.0	0.0
365	1.0	0.0
strains	1.0	0.0
commonly	1.0	0.0
isolated	0.9994200000000001	0.00058
bacteria	1.0	0.0
determined	1.0	0.0
good	1.0	0.0
streptococci	1.0	0.0
methicillin	1.0	0.0
susceptible	1.0	0.0
staphylococci	1.0	0.0
salmonella	1.0	0.0
spp	1.0	0.0
shigella	1.0	0.0
beta	1.0	0.0
lactamase	1.0	0.0
producing	1.0	0.0
branhamella	1.0	0.0
catarrhalis	1.0	0.0
haemophilus	1.0	0.0
influenzae	0.999965	3.5e-05
organisms	1.0	0.0
comparable	1.0	0.0
penicillin	1.0	0.0
ampicillin	1.0	0.0
co	1.0	0.0
trimoxazole	1.0	0.0
erythromycin	1.0	0.0
cefaclor	1.0	0.0
doxycycline	1.0	0.0
amoxicillin	1.0	0.0
potassium	1.0	0.0
clavulanate	1.0	0.0
had	1.0	0.0
moderate	1.0	0.0
arizona	1.0	0.0
hinshawii	1.0	0.0
campylobacter	1.0	0.0
jejuni	1.0	0.0
yersinia	1.0	0.0
enterocolitica	1.0	0.0
reimplantation	1.0	0.0
ectopic	1.0	0.0
ureter	0.9956999999999999	0.0043
duplex	0.9935499999999999	0.00645
separate	1.0	0.0
unit	1.0	0.0
provided	1.0	0.0
alternative	1.0	0.0
ureters	0.9871	0.0129
whom	1.0	0.0
ureteroureterostomy	1.0	0.0
double	1.0	0.0
might	1.0	0.0
compromised	1.0	0.0
smaller	1.0	0.0
caliber	1.0	0.0
folliculitis	0.584665	0.415335
follicular	0.66611	0.33388999999999996
mucinosis	0.99913	0.00087
papular	0.99913	0.00087
presentation	1.0	0.0
myelomonocytic	1.0	0.0
leukemia	1.0	0.0
leukemias	1.0	0.0
lymphomas	1.0	0.0
indolent	1.0	0.0
surprisingly	1.0	0.0
unusual	1.0	0.0
manners	1.0	0.0
although	1.0	0.0
uncommon	1.0	0.0
lesions	0.05123	0.94877
eosinophilic	0.1702	0.8298
been	1.0	0.0
association	1.0	0.0
novel	1.0	0.0
associations	1.0	0.0
acute	0.796496	0.203504
straight	0.9871	0.0129
instability	0.9871	0.0129
knee	0.996775	0.003225
ligamentous	1.0	0.0
injuries	0.8780199999999999	0.12197999999999999
joint	1.0	0.0
represent	1.0	0.0
orthopaedic	0.999076	0.000924
damage	0.997655	0.002345
supporting	0.99993	7e-05
structures	0.99993	7e-05
relatively	1.0	0.0
occurrence	1.0	0.0
osteosarcoma	1.0	0.0
medial	1.0	0.0
cuniform	1.0	0.0
bone	0.99971	0.00029
malignancy	0.993115	0.006885
childhood	1.0	0.0
adolescent	1.0	0.0
related	0.999965	3.5e-05
marrow	0.99993	7e-05
usually	1.0	0.0
occurs	1.0	0.0
bones	1.0	0.0
foot	1.0	0.0
very	1.0	0.0
here	1.0	0.0
i	1.0	0.0
tried	1.0	0.0
cuneiform	1.0	0.0
responding	1.0	0.0
evidence	1.0	0.0
breastfeed	1.0	0.0
baby	1.0	0.0
you	1.0	0.0
sixth	1.0	0.0
public	1.0	0.0
health	1.0	0.0
recommendation	1.0	0.0
reduce	1.0	0.0
risk	1.0	0.0
sudden	1.0	0.0
unexpected	1.0	0.0
death	0.9159459999999999	0.08405399999999999
infancy	1.0	0.0
abundant	1.0	0.0
recognises	1.0	0.0
breastfeeding	1.0	0.0
significant	1.0	0.0
short	1.0	0.0
benefits	1.0	0.0
infant	1.0	0.0
mother	1.0	0.0
until	1.0	0.0
recently	1.0	0.0
independent	1.0	0.0
factor	1.0	0.0
reducing	1.0	0.0
remained	1.0	0.0
unclear	1.0	0.0
october	1.0	0.0
2010	1.0	0.0
sids	1.0	0.0
kids	1.0	0.0
australia	1.0	0.0
held	1.0	0.0
consensus	1.0	0.0
forum	1.0	0.0
international	1.0	0.0
researchers	1.0	0.0
key	1.0	0.0
stakeholders	1.0	0.0
review	1.0	0.0
relating	1.0	0.0
safe	1.0	0.0
sleeping	1.0	0.0
recommendations	1.0	0.0
following	0.99998	1.9999999999999998e-05
publication	1.0	0.0
reviews	1.0	0.0
national	1.0	0.0
scientific	1.0	0.0
advisory	1.0	0.0
group	1.0	0.0
has	1.0	0.0
supported	1.0	0.0
decision	1.0	0.0
critical	1.0	0.0
threshold	0.999972	2.7999999999999996e-05
within	1.0	0.0
supportive	1.0	0.0
measure	1.0	0.0
will	1.0	0.0
included	1.0	0.0
2012	1.0	0.0
campaign	1.0	0.0
abusive	0.99846	0.00154
head	0.8171799999999999	0.18281999999999998
infants	1.0	0.0
young	1.0	0.0
children	1.0	0.0
unique	1.0	0.0
contributor	1.0	0.0
developmental	0.6370833333333333	0.3629166666666667
disabilities	0.455625	0.544375
leading	1.0	0.0
cause	1.0	0.0
disability	0.783415	0.216585
child	0.99538	0.00462
abuse	0.99538	0.00462
discusses	1.0	0.0
epidemiology	1.0	0.0
aspects	1.0	0.0
outcomes	1.0	0.0
prevention	1.0	0.0
neglect	0.99538	0.00462
osteotomy	1.0	0.0
sacrum	1.0	0.0
malignant	0.45300333333333337	0.5469966666666667
iliac	0.99913	0.00087
modified	1.0	0.0
threadwire	1.0	0.0
saw	1.0	0.0
tumors	0.7071266666666666	0.2928733333333334
conducted	1.0	0.0
issignificantly	1.0	0.0
wide	1.0	0.0
rapid	1.0	0.0
septic	1.0	0.0
arthritis	1.0	0.0
hip	0.998845	0.001155
delay	1.0	0.0
treatment	0.9999766666666666	2.3333333333333332e-05
lead	0.99996	3.9999999999999996e-05
permanent	1.0	0.0
difficult	1.0	0.0
management	1.0	0.0
reviewed	1.0	0.0
epidemiological	1.0	0.0
median	0.7076833333333333	0.29231666666666667
nerve	0.8051144444444445	0.19488555555555556
dysfunction	0.12312	0.87688
practicing	1.0	0.0
dental	1.0	0.0
hygienists	1.0	0.0
purpose	1.0	0.0
assess	1.0	0.0
over	1.0	0.0
changes	0.9998316666666667	0.00016833333333333335
function	0.999958	4.2e-05
20	1.0	0.0
students	1.0	0.0
who	1.0	0.0
university	1.0	0.0
minnesota	1.0	0.0
program	1.0	0.0
1986	1.0	0.0
follow	1.0	0.0
16	1.0	0.0
evaluated	1.0	0.0
postgraduation	1.0	0.0
1990	1.0	0.0
comparisons	1.0	0.0
made	1.0	0.0
evaluations	1.0	0.0
subjects	1.0	0.0
completed	1.0	0.0
graduation	1.0	0.0
1988	1.0	0.0
1989	1.0	0.0
digital	1.0	0.0
vibrometry	1.0	0.0
used	1.0	0.0
evaluate	1.0	0.0
sensibility	0.99993	7e-05
each	1.0	0.0
periods	1.0	0.0
studied	1.0	0.0
analysis	1.0	0.0
practice	1.0	0.0
mean	0.9999766666666666	2.3333333333333332e-05
shift	0.9999533333333334	4.6666666666666665e-05
04	1.0	0.0
42	1.0	0.0
measured	1.0	0.0
results	1.0	0.0
indicated	1.0	0.0
observed	1.0	0.0
earlier	1.0	0.0
arrested	1.0	0.0
reasons	1.0	0.0
appeared	1.0	0.0
twofold	1.0	0.0
period	1.0	0.0
work	1.0	0.0
hardening	1.0	0.0
concept	1.0	0.0
neuromuscular	1.0	0.0
tissue	0.6065133333333333	0.3934866666666667
hypertrophy	0.12312	0.87688
adaptation	1.0	0.0
rigors	1.0	0.0
hygienist	1.0	0.0
learned	1.0	0.0
become	1.0	0.0
efficient	1.0	0.0
provision	1.0	0.0
procedures	1.0	0.0
symptoms	1.0	0.0
none	1.0	0.0
diagnosed	1.0	0.0
cts	1.0	0.0
any	1.0	0.0
during	0.9999883333333334	1.1666666666666666e-05
since	1.0	0.0
continued	1.0	0.0
necessary	1.0	0.0
determine	1.0	0.0
whether	1.0	0.0
observations	1.0	0.0
noted	1.0	0.0
second	1.0	0.0
temporary	1.0	0.0
slowing	1.0	0.0
development	1.0	0.0
split	0.9999766666666666	2.3333333333333332e-05
intrarenal	1.0	0.0
hemodynamics	1.0	0.0
renovascular	0.78813	0.21187
stenotic	0.861695	0.13830499999999998
contralateral	0.92805	0.07194999999999999
kidneys	0.999965	3.5e-05
unilateral	0.99913	0.00087
rvh	0.78813	0.21187
estimated	1.0	0.0
gomez	1.0	0.0
formulae	1.0	0.0
ten	1.0	0.0
para	0.99993	7e-05
amino	0.99993	7e-05
hippurate	0.99993	7e-05
inulin	0.99993	7e-05
clearances	0.99993	7e-05
ureteral	1.0	0.0
catheterization	1.0	0.0
indexes	1.0	0.0
flow	0.9999475	5.2499999999999995e-05
glomerular	0.873255	0.126745
filtration	0.99993	7e-05
rates	0.99993	7e-05
allowing	1.0	0.0
estimation	1.0	0.0
preglomerular	0.99993	7e-05
arteriolar	0.9385380000000001	0.061461999999999996
resistance	0.9385380000000001	0.061461999999999996
postglomerular	0.99993	7e-05
hydrostatic	0.99993	7e-05
pressure	0.9999533333333334	4.6666666666666665e-05
83	1.0	0.0
+	1.0	0.0
12	1.0	0.0
19	1.0	0.0
ml	1.0	0.0
min	0.999965	3.5e-05
m2	1.0	0.0
170	1.0	0.0
43	1.0	0.0
4	1.0	0.0
elevated	0.9894975	0.0105025
due	0.999965	3.5e-05
lesion	0.65894	0.34106
900	1.0	0.0
500	1.0	0.0
dyns	1.0	0.0
sec	1.0	0.0
cm	1.0	0.0
5	1.0	0.0
while	1.0	0.0
elevation	1.0	0.0
300	1.0	0.0
000	1.0	0.0
high	0.99998	1.9999999999999998e-05
lowered	0.99993	7e-05
54	1.0	0.0
mmhg	1.0	0.0
3	1.0	0.0
protected	1.0	0.0
138	1.0	0.0
6	1.0	0.0
stenosis	0.57973	0.42027
increase	0.99993	7e-05
sufficient	1.0	0.0
making	1.0	0.0
hyperfiltration	0.95806	0.04194
paget	1.0	0.0
disease	1.0	0.0
complicated	1.0	0.0
hydrocephalus	7e-05	0.99993
syringomyelia	7e-05	0.99993
skull	1.0	0.0
basilar	0.99337	0.00663
impression	0.99337	0.00663
briefly	1.0	0.0
strategies	1.0	0.0
outlined	1.0	0.0
hemiplegia	1.0	0.0
vegetativa	1.0	0.0
alterna	1.0	0.0
ipsilateral	1.0	0.0
horner	1.0	0.0
syndrome	1.0	0.0
hemihyperhidrosis	0.1702	0.8298
proximal	1.0	0.0
cerebral	0.7824483333333333	0.2175516666666667
occlusion	0.7061666666666667	0.29383333333333334
background	1.0	0.0
pca	1.0	0.0
occlusive	1.0	0.0
produces	1.0	0.0
homonymous	0.0	1.0
field	0.8	0.2
defects	0.0	1.0
hemisensory	7e-05	0.99993
loss	7e-05	0.99993
neuropsychological	7e-05	0.99993
deficits	7e-05	0.99993
conversely	1.0	0.0
combination	1.0	0.0
hemiparesis	0.1702	0.8298
never	1.0	0.0
before	1.0	0.0
description	1.0	0.0
infarction	0.7548499999999999	0.24515
superficial	1.0	0.0
deep	1.0	0.0
territories	1.0	0.0
picture	1.0	0.0
disclosed	1.0	0.0
infarcts	0.1702	0.8298
anterolateral	1.0	0.0
midbrain	1.0	0.0
ventroposterolateral	1.0	0.0
thalamic	1.0	0.0
subthalamic	1.0	0.0
area	0.99376	0.006240000000000001
temporo	1.0	0.0
occipital	1.0	0.0
lobes	0.9384399999999999	0.06156
conclusions	1.0	0.0
alternating	1.0	0.0
vegetative	1.0	0.0
supports	1.0	0.0
hypothesis	1.0	0.0
existence	1.0	0.0
uncrossed	1.0	0.0
excitatory	1.0	0.0
crossed	1.0	0.0
inhibitory	1.0	0.0
hypothalamospinal	1.0	0.0
sympathetic	0.999965	3.5e-05
pathway	1.0	0.0
erythema	0.1702	0.8298
multiforme	0.1702	0.8298
minor	0.1702	0.8298
vaccination	1.0	0.0
paediatric	1.0	0.0
vaccines	0.999965	3.5e-05
cases	1.0	0.0
tetanus	0.99993	7e-05
diphtheria	0.99993	7e-05
revaccination	0.99993	7e-05
acellular	0.99993	7e-05
pertussis	0.89761	0.10239
inactivated	0.9999766666666666	2.3333333333333332e-05
polio	0.99993	7e-05
haemophillus	0.99993	7e-05
vaccine	0.99993	7e-05
suggesting	1.0	0.0
toxoids	0.99993	7e-05
precipitating	1.0	0.0
subperiosteal	0.9993475	0.0006525
osteoid	0.99913	0.00087
osteoma	0.99913	0.00087
distal	0.9999766666666666	2.3333333333333332e-05
phalanx	0.999965	3.5e-05
thumb	0.999965	3.5e-05
osteomas	0.99913	0.00087
subgrouped	1.0	0.0
cancellous	1.0	0.0
cortical	1.0	0.0
hand	1.0	0.0
location	0.99993	7e-05
described	1.0	0.0
illustrates	1.0	0.0
radiographic	1.0	0.0
relief	1.0	0.0
factitious	7e-05	0.99993
coarctation	7e-05	0.99993
large	0.9912639999999999	0.008736
patent	0.530555	0.469445
ductus	0.530555	0.469445
arteriosus	0.530555	0.469445
gianturco	1.0	0.0
grifka	1.0	0.0
vascular	0.99971	0.00029
occluder	1.0	0.0
pda	0.7021	0.2979
hypoplastic	7e-05	0.99993
isthmus	0.5851	0.4149
presenting	1.0	0.0
ductal	0.99993	7e-05
transcatheter	1.0	0.0
gradient	0.99993	7e-05
resolved	1.0	0.0
thereby	1.0	0.0
eliminating	1.0	0.0
need	1.0	0.0
coexisting	1.0	0.0
central	0.9998757142857143	0.00012428571428571428
diabetes	1.0	0.0
insipidus	1.0	0.0
psychogenic	0.99913	0.00087
polydipsia	0.7881299999999999	0.21187
schizophrenic	1.0	0.0
coexisted	1.0	0.0
possible	1.0	0.0
relationship	1.0	0.0
vasopressin	0.2979	0.7021
release	0.2979	0.7021
hypothesized	1.0	0.0
lung	0.8334783333333333	0.16652166666666665
neoplasm	0.78813	0.21187
mimicking	1.0	0.0
myocardial	0.8936299999999999	0.10637
involvement	1.0	0.0
pericardium	1.0	0.0
cancer	0.9998757142857143	0.00012428571428571428
metastases	0.7021	0.2979
frequent	1.0	0.0
neoplasms	0.99913	0.00087
metastatic	0.9913766666666666	0.008623333333333334
manifestation	1.0	0.0
chest	7e-05	0.99993
rotaviral	1.0	0.0
gastroenteritis	0.99913	0.00087
tbilisi	1.0	0.0
electrophoretypes	1.0	0.0
107	1.0	0.0
isolates	1.0	0.0
collected	1.0	0.0
18	1.0	0.0
months	1.0	0.0
seven	1.0	0.0
patterns	1.0	0.0
""""	1.0	0.0
represented	1.0	0.0
74	1.0	0.0
total	1.0	0.0
number	1.0	0.0
dominated	1.0	0.0
whole	0.9999475	5.2499999999999995e-05
seasonal	1.0	0.0
various	1.0	0.0
appearance	1.0	0.0
registered	1.0	0.0
electrophoretype	1.0	0.0
detected	0.9999766666666666	2.3333333333333332e-05
hageman	1.0	0.0
xii	1.0	0.0
secific	1.0	0.0
reproducible	1.0	0.0
hf	0.99997375	2.6249999999999998e-05
factory	1.0	0.0
purified	1.0	0.0
monospecific	1.0	0.0
rabbit	1.0	0.0
antibody	1.0	0.0
precise	1.0	0.0
measurements	1.0	0.0
antigen	0.9939685714285714	0.006031428571428571
low	0.966988	0.033012
pooled	1.0	0.0
=	1.0	0.0
82	1.0	0.0
existed	1.0	0.0
titers	1.0	0.0
clot	1.0	0.0
promoting	1.0	0.0
assays	1.0	0.0
radioimmunoassays	1.0	0.0
among	1.0	0.0
adults	1.0	0.0
confirming	1.0	0.0
trait	0.9914	0.0086
other	1.0	0.0
plasmas	1.0	0.0
individuals	1.0	0.0
fletcher	0.9871	0.0129
fitzgerald	0.9871	0.0129
contained	1.0	0.0
amounts	0.99993	7e-05
reduced	0.999965	3.5e-05
disseminated	0.9871	0.0129
intravascular	0.9871	0.0129
coagulation	0.9871	0.0129
advanced	1.0	0.0
liver	0.998554	0.001446
cirrhosis	0.78813	0.21187
under	0.99993	7e-05
warfarin	0.99993	7e-05
assay	1.0	0.0
primates	1.0	0.0
detectable	1.0	0.0
nonprimate	1.0	0.0
avian	1.0	0.0
progressive	0.9977900000000001	0.0022099999999999997
facial	0.8495933333333333	0.15040666666666666
hemiatrophy	0.8495933333333333	0.15040666666666666
epileptic	0.99538	0.00462
seizures	0.8584633333333332	0.14153666666666667
intractable	1.0	0.0
complex	1.0	0.0
partial	1.0	0.0
female	0.999972	2.7999999999999996e-05
intracranial	1.0	0.0
computed	1.0	0.0
tomography	1.0	0.0
frontal	0.502275	0.49772500000000003
paramedian	0.00462	0.99538
band	0.75112	0.24888000000000002
like	0.6682066666666667	0.33179333333333333
depression	0.00462	0.99538
gradually	1.0	0.0
thereafter	1.0	0.0
parry	1.0	0.0
romberg	1.0	0.0
parenchymal	0.0	1.0
calcifications	0.0	1.0
density	0.87688	0.12312
areas	0.9589599999999999	0.04104
matter	0.87688	0.12312
frontoparietal	0.87688	0.12312
neurologic	1.0	0.0
could	1.0	0.0
precede	1.0	0.0
succeeding	1.0	0.0
neurocutaneous	0.99993	7e-05
remote	1.0	0.0
unpolluted	1.0	0.0
rural	1.0	0.0
south	1.0	0.0
africa	1.0	0.0
14	1.0	0.0
olds	1.0	0.0
wupperthal	1.0	0.0
north	1.0	0.0
western	1.0	0.0
cape	1.0	0.0
province	1.0	0.0
graphite	1.0	0.0
furnace	1.0	0.0
atomic	1.0	0.0
absorption	1.0	0.0
spectrometry	1.0	0.0
analyse	1.0	0.0
level	0.99993	7e-05
micrograms	1.0	0.0
dl	1.0	0.0
value	1.0	0.0
considered	1.0	0.0
representative	1.0	0.0
natural	1.0	0.0
africans	1.0	0.0
o	1.0	0.0
femoral	1.0	0.0
distractor	1.0	0.0
ankle	0.9503499999999999	0.04965
arthroscopy	1.0	0.0
well	1.0	0.0
technique	1.0	0.0
pins	1.0	0.0
tibia	1.0	0.0
calcaneum	1.0	0.0
able	1.0	0.0
distraction	1.0	0.0
easy	1.0	0.0
operative	1.0	0.0
manipulation	1.0	0.0
obtained	1.0	0.0
commercially	1.0	0.0
distractors	1.0	0.0
broad	0.99993	7e-05
spectral	0.99993	7e-05
parameters	0.99993	7e-05
correlated	1.0	0.0
iq	0.99993	7e-05
wais	1.0	0.0
all	1.0	0.0
subscales	1.0	0.0
40	1.0	0.0
handed	0.99993	7e-05
volunteers	1.0	0.0
ranging	1.0	0.0
eegs	1.0	0.0
recorded	1.0	0.0
derivations	1.0	0.0
rest	1.0	0.0
opened	1.0	0.0
reveal	1.0	0.0
positive	1.0	0.0
negative	1.0	0.0
correlations	1.0	0.0
participation	0.999965	3.5e-05
bands	1.0	0.0
frequency	0.999965	3.5e-05
show	1.0	0.0
narrow	1.0	0.0
range	1.0	0.0
relations	1.0	0.0
highlight	1.0	0.0
psychological	0.9996866666666667	0.0003133333333333333
tests	1.0	0.0
homogeneous	1.0	0.0
abilities	1.0	0.0
finer	1.0	0.0
clearly	1.0	0.0
explainable	1.0	0.0
demonstrate	1.0	0.0
recordings	1.0	0.0
reflect	1.0	0.0
intellectual	1.0	0.0
stimulus	0.9888625	0.011137500000000002
postanoxic	0.7881300000000001	0.21187
myoclonus	0.78813	0.21187
discuss	1.0	0.0
pathophysiology	1.0	0.0
man	1.0	0.0
sustained	1.0	0.0
cardiorespiratory	0.78813	0.21187
arrest	0.9293766666666666	0.07062333333333333
lasted	1.0	0.0
minutes	1.0	0.0
unresponsive	1.0	0.0
hours	1.0	0.0
stimulation	1.0	0.0
trigeminal	1.0	0.0
innervated	1.0	0.0
periorbital	1.0	0.0
bursts	0.99993	7e-05
spike	0.99993	7e-05
generalized	0.997655	0.002345
myoclonic	0.12312	0.87688
jerks	0.12312	0.87688
types	1.0	0.0
did	1.0	0.0
elicit	1.0	0.0
32	1.0	0.0
later	1.0	0.0
nonreactive	0.99993	7e-05
alpha	0.9999766666666666	2.3333333333333332e-05
coma	0.99993	7e-05
died	1.0	0.0
7	1.0	0.0
days	1.0	0.0
regularity	1.0	0.0
suggests	1.0	0.0
resting	1.0	0.0
electrocerebral	0.99993	7e-05
silence	0.99993	7e-05
result	1.0	0.0
suppression	1.0	0.0
disinhibition	1.0	0.0
brainstem	0.999565	0.000435
generated	0.9997825	0.0002175
entity	1.0	0.0
audiology	1.0	0.0
auditory	0.99971	0.00029
processing	0.999826	0.000174
speech	1.0	0.0
recognition	1.0	0.0
disorder	0.999565	0.000435
[	0.99913	0.00087
apd	0.99913	0.00087
]	0.99913	0.00087
highly	1.0	0.0
controversial	1.0	0.0
controversy	1.0	0.0
fueled	1.0	0.0
ambiguous	1.0	0.0
descriptions	1.0	0.0
american	1.0	0.0
language	1.0	0.0
hearing	1.0	0.0
academy	1.0	0.0
sources	1.0	0.0
say	1.0	0.0
questionable	1.0	0.0
define	1.0	0.0
nature	1.0	0.0
order	1.0	0.0
intervention	1.0	0.0
nosography	1.0	0.0
systematic	1.0	0.0
diseases	1.0	0.0
physicians	1.0	0.0
thomas	1.0	0.0
sydenham	1.0	0.0
otto	1.0	0.0
guttentag	1.0	0.0
criteria	1.0	0.0
framework	1.0	0.0
conceptualization	1.0	0.0
haemostatic	0.24926199999999996	0.7507379999999999
hepatosplenic	1.0	0.0
schistosomiasis	1.0	0.0
mansoni	1.0	0.0
immuno	1.0	0.0
regulatory	1.0	0.0
endemic	1.0	0.0
countries	1.0	0.0
bleeding	3.5e-05	0.999965
serious	1.0	0.0
often	1.0	0.0
life	1.0	0.0
threatening	1.0	0.0
prone	1.0	0.0
develop	1.0	0.0
linked	1.0	0.0
ruptured	0.0	1.0
esophageal	0.00462	0.99538
varices	0.00462	0.99538
deficit	0.200042	0.799958
pronounced	1.0	0.0
advancement	1.0	0.0
maximal	1.0	0.0
experience	1.0	0.0
haematomesis	0.0	1.0
evidences	1.0	0.0
enhanced	0.99993	7e-05
generation	0.99993	7e-05
thrombin	0.99993	7e-05
plasmin	0.99993	7e-05
indicate	1.0	0.0
grade	1.0	0.0
dic	1.0	0.0
principal	1.0	0.0
demonstration	1.0	0.0
procoagulant	1.0	0.0
expression	1.0	0.0
peripheral	1.0	0.0
monocytes	1.0	0.0
livers	1.0	0.0
spleens	1.0	0.0
intestines	1.0	0.0
infected	1.0	0.0
mice	1.0	0.0
implication	1.0	0.0
causation	1.0	0.0
infections	1.0	0.0
moreover	1.0	0.0
indicates	1.0	0.0
immune	0.9999766666666666	2.3333333333333332e-05
mechanisms	1.0	0.0
localized	1.0	0.0
seems	1.0	0.0
likely	1.0	0.0
responses	0.99993	7e-05
schistosomes	0.99993	7e-05
play	1.0	0.0
pathogenic	1.0	0.0
squamous	1.0	0.0
pleura	0.9983425	0.0016575
few	1.0	0.0
reports	1.0	0.0
tumours	0.1702	0.8298
mesothelioma	1.0	0.0
epidermoid	1.0	0.0
occur	1.0	0.0
connection	1.0	0.0
persistent	1.0	0.0
empyema	7e-05	0.99993
drained	1.0	0.0
pleurocutaneous	0.10239	0.89761
extrapleural	0.76019	0.23981
pneumothorax	0.1702	0.8298
far	1.0	0.0
somatosensory	1.0	0.0
potentials	1.0	0.0
tibial	1.0	0.0
scalp	1.0	0.0
sep	1.0	0.0
three	1.0	0.0
peaks	1.0	0.0
p17	1.0	0.0
p24	1.0	0.0
p31	1.0	0.0
additional	1.0	0.0
inconsistent	1.0	0.0
components	1.0	0.0
p11	1.0	0.0
p21	1.0	0.0
p27	1.0	0.0
presumable	1.0	0.0
generator	1.0	0.0
popliteal	1.0	0.0
entry	1.0	0.0
sacral	1.0	0.0
plexus	1.0	0.0
cauda	1.0	0.0
equina	1.0	0.0
conus	1.0	0.0
medullaris	1.0	0.0
rostral	1.0	0.0
spinal	1.0	0.0
cord	1.0	0.0
lymphogranuloma	1.0	0.0
venereum	1.0	0.0
tonsil	0.619905	0.380095
tonsillar	1.0	0.0
similarities	1.0	0.0
tonsils	1.0	0.0
cervical	1.0	0.0
importance	1.0	0.0
histological	1.0	0.0
abnormal	0.23981	0.76019
reiterated	1.0	0.0
68ga	0.95806	0.04194
prostate	0.9862725	0.0137275
treated	1.0	0.0
stage	0.8298	0.1702
iiib	0.8298	0.1702
referred	1.0	0.0
ga	0.99993	7e-05
psma	0.99993	7e-05
pet	1.0	0.0
staging	1.0	0.0
addition	1.0	0.0
uptake	0.99993	7e-05
increased	0.99993	7e-05
enlarging	0.2979	0.7021
lobe	0.2979	0.7021
mass	0.00087	0.99913
diffusely	1.0	0.0
thyroid	0.5	0.5
gland	0.5	0.5
bilateral	0.42027	0.57973
supraclavicular	0.5	0.5
fine	1.0	0.0
needle	1.0	0.0
aspiration	1.0	0.0
biopsy	1.0	0.0
node	1.0	0.0
adenocarcinoma	0.9871	0.0129
interferon	1.0	0.0
recent	1.0	0.0
demonstrating	1.0	0.0
therapy	1.0	0.0
six	1.0	0.0
myeloid	1.0	0.0
leukaemia	1.0	0.0
essential	1.0	0.0
thrombocythemia	0.99538	0.00462
polycythemia	0.52097	0.47903
rubra	1.0	0.0
vera	1.0	0.0
myelomatosis	1.0	0.0
hairy	1.0	0.0
screen	1.0	0.0
severity	1.0	0.0
mild	1.0	0.0
traumatic	0.99538	0.00462
brain	0.99538	0.00462
injury	0.99538	0.00462
investigated	1.0	0.0
sensitivity	1.0	0.0
information	1.0	0.0
recall	0.9790300000000001	0.02097
orientation	0.9999766666666666	2.3333333333333332e-05
tasks	1.0	0.0
mtbi	1.0	0.0
fifty	1.0	0.0
85	1.0	0.0
57	1.0	0.0
28	1.0	0.0
controls	1.0	0.0
24	1.0	0.0
hr	1.0	0.0
department	1.0	0.0
emergency	1.0	0.0
medicine	1.0	0.0
answered	0.99993	7e-05
fewer	0.99993	7e-05
questions	0.9999825	1.75e-05
recalled	0.99993	7e-05
words	0.99993	7e-05
delayed	0.95806	0.04194
judged	0.99993	7e-05
sentences	0.99993	7e-05
correctly	0.99993	7e-05
immediate	0.99993	7e-05
memory	0.99993	7e-05
learning	0.999965	3.5e-05
previous	1.0	0.0
perform	1.0	0.0
speed	1.0	0.0
word	1.0	0.0
effects	0.999812	0.000188
gamma	1.0	0.0
globin	1.0	0.0
promoter	1.0	0.0
base	1.0	0.0
pair	1.0	0.0
deletion	1.0	0.0
mutant	1.0	0.0
shows	1.0	0.0
polymorphic	1.0	0.0
throughout	1.0	0.0
gene	1.0	0.0
fetal	0.46409666666666677	0.5359033333333333
genes	1.0	0.0
australian	1.0	0.0
kindred	1.0	0.0
nondeletional	1.0	0.0
hereditary	1.0	0.0
persistence	1.0	0.0
hemoglobin	1.0	0.0
hpfh	1.0	0.0
cloned	1.0	0.0
sequenced	1.0	0.0
198	1.0	0.0
mutation	1.0	0.0
british	1.0	0.0
upstream	1.0	0.0
allele	1.0	0.0
identified	1.0	0.0
222	1.0	0.0
225	1.0	0.0
bp	1.0	0.0
cap	1.0	0.0
site	1.0	0.0
variations	1.0	0.0
ana	1.0	0.0
transition	1.0	0.0
exon	1.0	0.0
402	1.0	0.0
relative	1.0	0.0
hindiii	1.0	0.0
polymorphism	1.0	0.0
intron	1.0	0.0
untranslated	1.0	0.0
region	1.0	0.0
tcac	1.0	0.0
place	1.0	0.0
ctct	1.0	0.0
creating	1.0	0.0
saci	1.0	0.0
previously	1.0	0.0
linkage	1.0	0.0
noteworthy	1.0	0.0
simultaneous	1.0	0.0
mutants	1.0	0.0
same	1.0	0.0
despite	1.0	0.0
resulting	1.0	0.0
phenotype	1.0	0.0
k562	1.0	0.0
transient	0.99971	0.00029
statistically	1.0	0.0
control	1.0	0.0
vivo	1.0	0.0
identification	1.0	0.0
enzymatically	1.0	0.0
normalized	1.0	0.0
shrna	1.0	0.0
library	1.0	0.0
massive	1.0	0.0
parallel	1.0	0.0
sequencing	1.0	0.0
general	1.0	0.0
approximately	1.0	0.0
150	1.0	0.0
shrnas	1.0	0.0
per	1.0	0.0
redundance	1.0	0.0
cdna	1.0	0.0
constructed	1.0	0.0
inducible	1.0	0.0
lentiviral	1.0	0.0
vector	1.0	0.0
enabling	1.0	0.0
propagation	1.0	0.0
growth	0.7500175	0.2499825
inhibiting	1.0	0.0
controlled	1.0	0.0
rnai	1.0	0.0
activities	1.0	0.0
101	1.0	0.0
clones	1.0	0.0
representing	1.0	0.0
100	1.0	0.0
201	1.0	0.0
firefly	1.0	0.0
luciferase	1.0	0.0
structure	1.0	0.0
datasets	1.0	0.0
yielded	1.0	0.0
set	1.0	0.0
structural	1.0	0.0
efficacy	1.0	0.0
increasing	1.0	0.0
frequencies	1.0	0.0
active	1.0	0.0
random	1.0	0.0
sampling	1.0	0.0
select	1.0	0.0
inhibit	1.0	0.0
breast	0.9871	0.0129
targeting	1.0	0.0
oncogenes	1.0	0.0
targeted	1.0	0.0
selected	1.0	0.0
enriched	1.0	0.0
pathways	1.0	0.0
9	1.0	0.0
cancers	0.99913	0.00087
cycle	1.0	0.0
progression	1.0	0.0
apoptosis	1.0	0.0
hundred	1.0	0.0
nineteen	1.0	0.0
selection	1.0	0.0
drug	1.0	0.0
targets	1.0	0.0
interfering	1.0	0.0
rnas	1.0	0.0
inhibited	1.0	0.0
validating	1.0	0.0
efficiency	1.0	0.0
throughput	1.0	0.0
target	1.0	0.0
giant	0.99913	0.00087
tuberculomata	0.7881300000000001	0.21187
misdiagnosed	1.0	0.0
secondary	1.0	0.0
describe	1.0	0.0
attenuation	0.95806	0.04194
rim	0.999965	3.5e-05
enhancement	1.0	0.0
calcific	0.10239	0.89761
enhance	1.0	0.0
hypoattenuation	0.99993	7e-05
recovered	1.0	0.0
antituberculous	1.0	0.0
chemotherapy	1.0	0.0
perinatal	0.9997825	0.0002175
arterial	0.8917550000000001	0.10824500000000001
placental	0.7721325	0.2278675
chorioangioma	0.99538	0.00462
chorioangiomas	0.99538	0.00462
benign	0.99913	0.00087
several	1.0	0.0
obstetric	1.0	0.0
premature	0.10239	0.89761
labor	0.10239	0.89761
abruption	0.10239	0.89761
polyhydramnios	0.10239	0.89761
hydrops	0.112755	0.8872450000000001
restriction	7e-05	0.99993
hepatosplenomegaly	0.10239	0.89761
cardiomegaly	7e-05	0.99993
congestive	7e-05	0.99993
neonatal	1.0	0.0
fetalis	0.12312	0.87688
microangiopathic	0.78813	0.21187
hemolytic	0.78813	0.21187
anemia	0.78813	0.21187
thrombocytopenia	7e-05	0.99993
remains	1.0	0.0
majority	1.0	0.0
investigators	1.0	0.0
setting	1.0	0.0
stroke	0.99913	0.00087
birth	0.64099	0.35901
asphyxia	7e-05	0.99993
preeclampsia	0.10239	0.89761
chorioamnionitis	0.10239	0.89761
infection	7e-05	0.99993
genetic	0.99337	0.00663
thrombophilias	7e-05	0.99993
psychophysiological	0.99993	7e-05
reactions	0.99993	7e-05
qigong	1.0	0.0
traditional	1.0	0.0
chinese	1.0	0.0
meditation	1.0	0.0
indian	1.0	0.0
yoga	1.0	0.0
japanese	1.0	0.0
zen	1.0	0.0
category	1.0	0.0
psychotherapy	1.0	0.0
series	1.0	0.0
course	1.0	0.0
training	1.0	0.0
inappropriate	1.0	0.0
physical	0.9659600000000002	0.03404
mental	0.8298	0.1702
disturbances	0.8298	0.1702
include	1.0	0.0
emg	0.99993	7e-05
respiratory	0.99993	7e-05
movement	0.99993	7e-05
rate	0.99993	7e-05
temperature	0.99993	7e-05
finger	0.99993	7e-05
tip	0.99993	7e-05
stomach	0.99993	7e-05
intestine	0.99993	7e-05
metabolism	0.99993	7e-05
immunity	0.99993	7e-05
systems	1.0	0.0
motor	0.99913	0.00087
phenomena	0.999565	0.000435
perceptual	0.99913	0.00087
experienced	1.0	0.0
warmness	0.99993	7e-05
chilliness	0.35901	0.64099
itching	0.35901	0.64099
sensation	0.658535	0.34146499999999996
numbness	0.0	1.0
soreness	0.35901	0.64099
bloatedness	0.0	1.0
relaxation	0.99993	7e-05
tenseness	0.00663	0.99337
floating	0.95806	0.04194
dropping	0.95806	0.04194
enlargement	0.95806	0.04194
constriction	0.95806	0.04194
body	0.95806	0.04194
image	0.95806	0.04194
rising	0.95806	0.04194
sky	0.95806	0.04194
falling	0.95806	0.04194
off	0.95806	0.04194
upside	0.95806	0.04194
down	0.95806	0.04194
playing	0.99993	7e-05
swing	0.99993	7e-05
respiration	0.99993	7e-05
circulation	0.99993	7e-05
intrinsic	0.99993	7e-05
qi	0.99993	7e-05
electric	0.99993	7e-05
shock	0.99993	7e-05
formication	0.95806	0.04194
exercise	1.0	0.0
dreamland	0.95806	0.04194
illusions	0.95806	0.04194
unreality	0.95806	0.04194
pseudohallucination	0.95806	0.04194
vanished	1.0	0.0
terminated	1.0	0.0
deviation	1.0	0.0
diagnostic	1.0	0.0
now	1.0	0.0
widely	1.0	0.0
china	1.0	0.0
antiproliferative	1.0	0.0
homogenates	1.0	0.0
candidate	1.0	0.0
probiotic	1.0	0.0
unheated	1.0	0.0
heat	1.0	0.0
separately	1.0	0.0
lactobacillus	1.0	0.0
rhamnosus	1.0	0.0
gg	1.0	0.0
bifidobacterium	1.0	0.0
lactis	1.0	0.0
acidophilus	1.0	0.0
delbrueckii	1.0	0.0
subsp	1.0	0.0
bulgaricus	1.0	0.0
streptococcus	1.0	0.0
thermophilus	1.0	0.0
phytohemagglutinin	1.0	0.0
induced	1.0	0.0
proliferation	1.0	0.0
mononuclear	1.0	0.0
homogenate	1.0	0.0
assessing	1.0	0.0
thymidine	1.0	0.0
incorporation	1.0	0.0
cultures	1.0	0.0
suppressed	1.0	0.0
enzymatic	1.0	0.0
heating	1.0	0.0
repeated	1.0	0.0
cytoplasmic	1.0	0.0
wall	1.0	0.0
extracts	1.0	0.0
extract	1.0	0.0
suppressive	1.0	0.0
possess	1.0	0.0
stable	1.0	0.0
generate	1.0	0.0
microbiologically	1.0	0.0
nonviable	1.0	0.0
yet	1.0	0.0
immunologically	1.0	0.0
food	1.0	0.0
products	1.0	0.0
easier	1.0	0.0
store	1.0	0.0
longer	1.0	0.0
shelf	1.0	0.0
focal	0.04108666666666667	0.9589133333333333
neurological	7e-05	0.99993
sarcoidosis	0.99913	0.00087
presents	1.0	0.0
only	1.0	0.0
infrequently	1.0	0.0
recurrent	0.76019	0.23981
rarer	1.0	0.0
still	1.0	0.0
describes	1.0	0.0
episodic	0.00462	0.99538
fluent	0.00462	0.99538
dysphasia	7e-05	0.99993
abrupt	0.99993	7e-05
onset	0.99993	7e-05
occurring	1.0	0.0
seizure	0.1702	0.8298
macroscopic	0.99993	7e-05
granulomatous	0.99993	7e-05
collection	0.99993	7e-05
neurosarcoidosis	0.99913	0.00087
mimic	1.0	0.0
classic	1.0	0.0
ischaemic	7e-05	0.99993
questionnaire	1.0	0.0
transplant	1.0	0.0
quality	1.0	0.0
recipients	1.0	0.0
list	1.0	0.0
items	1.0	0.0
created	1.0	0.0
50	1.0	0.0
rated	1.0	0.0
item	1.0	0.0
judgment	1.0	0.0
create	1.0	0.0
consists	1.0	0.0
dimensions	1.0	0.0
fatigue	0.12312	0.87688
uncertainty	1.0	0.0
fear	1.0	0.0
emotions	1.0	0.0
dimension	1.0	0.0
scored	1.0	0.0
point	1.0	0.0
likert	1.0	0.0
scale	1.0	0.0
reproducibility	1.0	0.0
administered	1.0	0.0
intraclass	1.0	0.0
coefficients	1.0	0.0
91	1.0	0.0
scores	1.0	0.0
except	1.0	0.0
improved	1.0	0.0
transplantation	1.0	0.0
pretransplantation	1.0	0.0
graft	1.0	0.0
creatinine	1.0	0.0
250	1.0	0.0
mmol	1.0	0.0
grafts	1.0	0.0
administer	1.0	0.0
valid	1.0	0.0
responsive	1.0	0.0
change	1.0	0.0
carbon	1.0	0.0
monoxide	1.0	0.0
suppresses	1.0	0.0
tlr4	1.0	0.0
via	1.0	0.0
differentiation	1.0	0.0
betatc3	1.0	0.0
islet	1.0	0.0
allografts	1.0	0.0
donor	1.0	0.0
exposed	1.0	0.0
rejection	1.0	0.0
trafficking	1.0	0.0
activation	1.0	0.0
islets	1.0	0.0
molecular	1.0	0.0
how	1.0	0.0
remain	1.0	0.0
focus	1.0	0.0
insulinoma	0.12312	0.87688
line	1.0	0.0
stably	1.0	0.0
transfected	1.0	0.0
pcdna3	1.0	0.0
yfp	1.0	0.0
pdsred	1.0	0.0
monomer	1.0	0.0
golgi	1.0	0.0
plasmids	1.0	0.0
identify	1.0	0.0
subcellular	1.0	0.0
lps	1.0	0.0
confocal	1.0	0.0
immunofluorescence	1.0	0.0
resides	1.0	0.0
apparatus	1.0	0.0
quiescent	1.0	0.0
led	1.0	0.0
interaction	1.0	0.0
md	1.0	0.0
immunoprecipitation	1.0	0.0
depleting	1.0	0.0
rna	1.0	0.0
blocking	1.0	0.0
glycosylation	1.0	0.0
tunicamycin	1.0	0.0
blocked	1.0	0.0
exposing	1.0	0.0
parts	1.0	0.0
million	1.0	0.0
conclusion	1.0	0.0
required	1.0	0.0
consequent	1.0	0.0
transvesical	1.0	0.0
endoscopic	1.0	0.0
placement	1.0	0.0
sutures	1.0	0.0
urethral	0.99538	0.00462
strictures	0.99538	0.00462
reapproximation	1.0	0.0
urethra	1.0	0.0
across	1.0	0.0
excised	1.0	0.0
scar	1.0	0.0
requires	1.0	0.0
perineum	1.0	0.0
external	1.0	0.0
sphincter	1.0	0.0
prostatic	1.0	0.0
itself	1.0	0.0
problematic	1.0	0.0
suprapubic	1.0	0.0
cystostomy	1.0	0.0
eliminates	1.0	0.0
usual	1.0	0.0
difficulties	1.0	0.0
volatile	1.0	0.0
flavor	1.0	0.0
rice	1.0	0.0
cakes	1.0	0.0
volatiles	1.0	0.0
laboratory	1.0	0.0
dynamic	1.0	0.0
headspace	1.0	0.0
isolation	1.0	0.0
tenax	1.0	0.0
trapping	1.0	0.0
carried	1.0	0.0
out	1.0	0.0
capillary	1.0	0.0
gc	1.0	0.0
ms	1.0	0.0
compounds	1.0	0.0
hydroxy	1.0	0.0
propanone	1.0	0.0
furfuryl	1.0	0.0
alcohol	1.0	0.0
dimethylpyrazine	1.0	0.0
methylpyrazine	1.0	0.0
pyrazine	1.0	0.0
hexanal	1.0	0.0
furfural	1.0	0.0
pentanol	1.0	0.0
butanone	1.0	0.0
acetoin	1.0	0.0
ethyl	1.0	0.0
ideally	1.0	0.0
applicable	1.0	0.0
dry	1.0	0.0
product	1.0	0.0
ratios	1.0	0.0
probability	1.0	0.0
contributing	1.0	0.0
aroma	1.0	0.0
methylbutanal	1.0	0.0
dimethyl	1.0	0.0
trisulfide	1.0	0.0
vinylguaiacol	1.0	0.0
e	1.0	0.0
decadienal	1.0	0.0
acetyl	1.0	0.0
pyrroline	1.0	0.0
octen	1.0	0.0
ol	1.0	0.0
